-- phpMyAdmin SQL Dump
-- version 5.2.1
-- https://www.phpmyadmin.net/
--
-- Host: 127.0.0.1
-- Waktu pembuatan: 29 Jul 2023 pada 15.28
-- Versi server: 10.4.28-MariaDB
-- Versi PHP: 8.2.4

SET SQL_MODE = "NO_AUTO_VALUE_ON_ZERO";
START TRANSACTION;
SET time_zone = "+00:00";


/*!40101 SET @OLD_CHARACTER_SET_CLIENT=@@CHARACTER_SET_CLIENT */;
/*!40101 SET @OLD_CHARACTER_SET_RESULTS=@@CHARACTER_SET_RESULTS */;
/*!40101 SET @OLD_COLLATION_CONNECTION=@@COLLATION_CONNECTION */;
/*!40101 SET NAMES utf8mb4 */;

--
-- Database: `db_report_delivery_order`
--

-- --------------------------------------------------------

--
-- Struktur dari tabel `kecamatan`
--

CREATE TABLE `kecamatan` (
  `id` varchar(36) NOT NULL,
  `id_kota_kabupaten` varchar(36) NOT NULL,
  `kode` varchar(50) NOT NULL,
  `nama` varchar(255) NOT NULL
) ENGINE=InnoDB DEFAULT CHARSET=utf8mb4 COLLATE=utf8mb4_general_ci;

--
-- Dumping data untuk tabel `kecamatan`
--

INSERT INTO `kecamatan` (`id`, `id_kota_kabupaten`, `kode`, `nama`) VALUES
('63.01.01', '63.01', '63.01.01', 'Takisung'),
('63.01.02', '63.01', '63.01.02', 'Jorong'),
('63.01.03', '63.01', '63.01.03', 'Pelaihari'),
('63.01.04', '63.01', '63.01.04', 'Kurau'),
('63.01.05', '63.01', '63.01.05', 'Bati Bati'),
('63.01.06', '63.01', '63.01.06', 'Panyipatan'),
('63.01.07', '63.01', '63.01.07', 'Kintap'),
('63.01.08', '63.01', '63.01.08', 'Tambang Ulang'),
('63.01.09', '63.01', '63.01.09', 'Batu Ampar'),
('63.01.10', '63.01', '63.01.10', 'Bajuin'),
('63.01.11', '63.01', '63.01.11', 'Bumi Makmur'),
('63.02.01', '63.02', '63.02.01', 'Pulau Sembilan'),
('63.02.02', '63.02', '63.02.02', 'Pulau Laut Barat'),
('63.02.03', '63.02', '63.02.03', 'Pulau Laut Selatan'),
('63.02.04', '63.02', '63.02.04', 'Pulau Laut Timur'),
('63.02.05', '63.02', '63.02.05', 'Pulau Sebuku'),
('63.02.06', '63.02', '63.02.06', 'Pulaulaut Utara'),
('63.02.07', '63.02', '63.02.07', 'Kelumpang Selatan'),
('63.02.08', '63.02', '63.02.08', 'Kelumpang Hulu'),
('63.02.09', '63.02', '63.02.09', 'Kelumpang Tengah'),
('63.02.10', '63.02', '63.02.10', 'Kelumpang Utara'),
('63.02.11', '63.02', '63.02.11', 'Pamukan Selatan'),
('63.02.12', '63.02', '63.02.12', 'Sampanahan'),
('63.02.13', '63.02', '63.02.13', 'Pamukan Utara'),
('63.02.14', '63.02', '63.02.14', 'Hampang'),
('63.02.15', '63.02', '63.02.15', 'Sungai Durian'),
('63.02.16', '63.02', '63.02.16', 'Pulau Laut Tengah'),
('63.02.17', '63.02', '63.02.17', 'Kelumpang Hilir'),
('63.02.18', '63.02', '63.02.18', 'Kelumpang Barat'),
('63.02.19', '63.02', '63.02.19', 'Pamukan Barat'),
('63.02.20', '63.02', '63.02.20', 'Pulau Laut Kepulauan'),
('63.02.21', '63.02', '63.02.21', 'Pulau Laut Tanjung Selayar'),
('63.02.22', '63.02', '63.02.22', 'Pulaulaut Sigam'),
('63.03.01', '63.03', '63.03.01', 'Aluh Aluh'),
('63.03.02', '63.03', '63.03.02', 'Kertak Hanyar'),
('63.03.03', '63.03', '63.03.03', 'Gambut'),
('63.03.04', '63.03', '63.03.04', 'Sungai Tabuk'),
('63.03.05', '63.03', '63.03.05', 'Martapura'),
('63.03.06', '63.03', '63.03.06', 'Karang Intan'),
('63.03.07', '63.03', '63.03.07', 'Astambul'),
('63.03.08', '63.03', '63.03.08', 'Simpang Empat'),
('63.03.09', '63.03', '63.03.09', 'Pengarom'),
('63.03.10', '63.03', '63.03.10', 'Sungai Pinang'),
('63.03.11', '63.03', '63.03.11', 'Aranio'),
('63.03.12', '63.03', '63.03.12', 'Mataraman'),
('63.03.13', '63.03', '63.03.13', 'Beruntung Baru'),
('63.03.14', '63.03', '63.03.14', 'Martapura Barat'),
('63.03.15', '63.03', '63.03.15', 'Martapura Timur'),
('63.03.16', '63.03', '63.03.16', 'Sambung Makmur'),
('63.03.17', '63.03', '63.03.17', 'Paramasan'),
('63.03.18', '63.03', '63.03.18', 'Telaga Bauntung'),
('63.03.19', '63.03', '63.03.19', 'Tatah Makmur'),
('63.03.20', '63.03', '63.03.20', 'Cintapuri Darussalam'),
('63.04.01', '63.04', '63.04.01', 'Tabunganen'),
('63.04.02', '63.04', '63.04.02', 'Tamban'),
('63.04.03', '63.04', '63.04.03', 'Anjir Pasar'),
('63.04.04', '63.04', '63.04.04', 'Anjir Muara'),
('63.04.05', '63.04', '63.04.05', 'Alalak'),
('63.04.06', '63.04', '63.04.06', 'Mandastana'),
('63.04.07', '63.04', '63.04.07', 'Rantau Badauh'),
('63.04.08', '63.04', '63.04.08', 'Belawang'),
('63.04.09', '63.04', '63.04.09', 'Cerbon'),
('63.04.10', '63.04', '63.04.10', 'Bakumpai'),
('63.04.11', '63.04', '63.04.11', 'Kuripan'),
('63.04.12', '63.04', '63.04.12', 'Tabukan'),
('63.04.13', '63.04', '63.04.13', 'Mekarsari'),
('63.04.14', '63.04', '63.04.14', 'Barambai'),
('63.04.15', '63.04', '63.04.15', 'Marabahan'),
('63.04.16', '63.04', '63.04.16', 'Wanaraya'),
('63.04.17', '63.04', '63.04.17', 'Jejangkit'),
('63.05.01', '63.05', '63.05.01', 'Binuang'),
('63.05.02', '63.05', '63.05.02', 'Tapin Selatan'),
('63.05.03', '63.05', '63.05.03', 'Tapin Tengah'),
('63.05.04', '63.05', '63.05.04', 'Tapin Utara'),
('63.05.05', '63.05', '63.05.05', 'Candi Laras Selatan'),
('63.05.06', '63.05', '63.05.06', 'Candi Laras Utara'),
('63.05.07', '63.05', '63.05.07', 'Bakarangan'),
('63.05.08', '63.05', '63.05.08', 'Piani'),
('63.05.09', '63.05', '63.05.09', 'Bungur'),
('63.05.10', '63.05', '63.05.10', 'Lokpaikat'),
('63.05.11', '63.05', '63.05.11', 'Salam Babaris'),
('63.05.12', '63.05', '63.05.12', 'Hatungun'),
('63.06.01', '63.06', '63.06.01', 'Sungai Raya'),
('63.06.02', '63.06', '63.06.02', 'Padang Batung'),
('63.06.03', '63.06', '63.06.03', 'Telaga Langsat'),
('63.06.04', '63.06', '63.06.04', 'Angkinang'),
('63.06.05', '63.06', '63.06.05', 'Kandangan'),
('63.06.06', '63.06', '63.06.06', 'Simpur'),
('63.06.07', '63.06', '63.06.07', 'Daha Selatan'),
('63.06.08', '63.06', '63.06.08', 'Daha Utara'),
('63.06.09', '63.06', '63.06.09', 'Kalumpang'),
('63.06.10', '63.06', '63.06.10', 'Loksado'),
('63.06.11', '63.06', '63.06.11', 'Daha Barat'),
('63.07.01', '63.07', '63.07.01', 'Haruyan'),
('63.07.02', '63.07', '63.07.02', 'Batu Benawa'),
('63.07.03', '63.07', '63.07.03', 'Labuan Amas Selatan'),
('63.07.04', '63.07', '63.07.04', 'Labuan Amas Utara'),
('63.07.05', '63.07', '63.07.05', 'Pandawan'),
('63.07.06', '63.07', '63.07.06', 'Barabai'),
('63.07.07', '63.07', '63.07.07', 'Batang Alai Selatan'),
('63.07.08', '63.07', '63.07.08', 'Batang Alai Utara'),
('63.07.09', '63.07', '63.07.09', 'Hantakan'),
('63.07.10', '63.07', '63.07.10', 'Batang Alai Timur'),
('63.07.11', '63.07', '63.07.11', 'Limpasu'),
('63.08.01', '63.08', '63.08.01', 'Danau Panggang'),
('63.08.02', '63.08', '63.08.02', 'Babirik'),
('63.08.03', '63.08', '63.08.03', 'Sungai Pandan'),
('63.08.04', '63.08', '63.08.04', 'Amuntai Selatan'),
('63.08.05', '63.08', '63.08.05', 'Amuntai Tengah'),
('63.08.06', '63.08', '63.08.06', 'Amuntai Utara'),
('63.08.07', '63.08', '63.08.07', 'Banjang'),
('63.08.08', '63.08', '63.08.08', 'Haur Gading'),
('63.08.09', '63.08', '63.08.09', 'Paminggir'),
('63.08.10', '63.08', '63.08.10', 'Sungai Tabukan'),
('63.09.01', '63.09', '63.09.01', 'Banua Lawas'),
('63.09.02', '63.09', '63.09.02', 'Kelua'),
('63.09.03', '63.09', '63.09.03', 'Tanta'),
('63.09.04', '63.09', '63.09.04', 'Tanjung'),
('63.09.05', '63.09', '63.09.05', 'Haruai'),
('63.09.06', '63.09', '63.09.06', 'Murung Pudak'),
('63.09.07', '63.09', '63.09.07', 'Muara Uya'),
('63.09.08', '63.09', '63.09.08', 'Muara Harus'),
('63.09.09', '63.09', '63.09.09', 'Pugaan'),
('63.09.10', '63.09', '63.09.10', 'Upau'),
('63.09.11', '63.09', '63.09.11', 'Jaro'),
('63.09.12', '63.09', '63.09.12', 'Bintang Ara'),
('63.10.01', '63.10', '63.10.01', 'Batu Licin'),
('63.10.02', '63.10', '63.10.02', 'Kusan Hilir'),
('63.10.03', '63.10', '63.10.03', 'Sungai Loban'),
('63.10.04', '63.10', '63.10.04', 'Satui'),
('63.10.05', '63.10', '63.10.05', 'Kusan Hulu'),
('63.10.06', '63.10', '63.10.06', 'Simpang Empat'),
('63.10.07', '63.10', '63.10.07', 'Karang Bintang'),
('63.10.08', '63.10', '63.10.08', 'Mantewe'),
('63.10.09', '63.10', '63.10.09', 'Angsana'),
('63.10.10', '63.10', '63.10.10', 'Kuranji'),
('63.10.11', '63.10', '63.10.11', 'Kusan Tengah'),
('63.10.12', '63.10', '63.10.12', 'Teluk Kepayang'),
('63.11.01', '63.11', '63.11.01', 'Juai'),
('63.11.02', '63.11', '63.11.02', 'Halong'),
('63.11.03', '63.11', '63.11.03', 'Awayan'),
('63.11.04', '63.11', '63.11.04', 'Batu Mandi'),
('63.11.05', '63.11', '63.11.05', 'Lampihong'),
('63.11.06', '63.11', '63.11.06', 'Paringin'),
('63.11.07', '63.11', '63.11.07', 'Paringin Selatan'),
('63.11.08', '63.11', '63.11.08', 'Tebing Tinggi'),
('63.71.01', '63.71', '63.71.01', 'Banjarmasin Selatan'),
('63.71.02', '63.71', '63.71.02', 'Banjarmasin Timur'),
('63.71.03', '63.71', '63.71.03', 'Banjarmasin Barat'),
('63.71.04', '63.71', '63.71.04', 'Banjarmasin Utara'),
('63.71.05', '63.71', '63.71.05', 'Banjarmasin Tengah'),
('63.72.02', '63.72', '63.72.02', 'Landasan Ulin'),
('63.72.03', '63.72', '63.72.03', 'Cempaka'),
('63.72.04', '63.72', '63.72.04', 'Banjarbaru Utara'),
('63.72.05', '63.72', '63.72.05', 'Banjarbaru Selatan'),
('63.72.06', '63.72', '63.72.06', 'Liang Anggang');

-- --------------------------------------------------------

--
-- Struktur dari tabel `kelurahan`
--

CREATE TABLE `kelurahan` (
  `id` varchar(36) NOT NULL,
  `id_kecamatan` varchar(36) NOT NULL,
  `kode` varchar(50) NOT NULL,
  `nama` varchar(255) NOT NULL
) ENGINE=InnoDB DEFAULT CHARSET=utf8mb4 COLLATE=utf8mb4_general_ci;

--
-- Dumping data untuk tabel `kelurahan`
--

INSERT INTO `kelurahan` (`id`, `id_kecamatan`, `kode`, `nama`) VALUES
('63.01.01.2001', '63.01.01', '63.01.01.2001', 'Banua lawas'),
('63.01.01.2002', '63.01.01', '63.01.01.2002', 'Tabanio'),
('63.01.01.2003', '63.01.01', '63.01.01.2003', 'Kuala Tambangan'),
('63.01.01.2004', '63.01.01', '63.01.01.2004', 'Takisung'),
('63.01.01.2005', '63.01.01', '63.01.01.2005', 'Gunung Makmur'),
('63.01.01.2006', '63.01.01', '63.01.01.2006', 'Banua Tengah'),
('63.01.01.2007', '63.01.01', '63.01.01.2007', 'Ranggang'),
('63.01.01.2008', '63.01.01', '63.01.01.2008', 'Pagatan Besar'),
('63.01.01.2009', '63.01.01', '63.01.01.2009', 'Batilai'),
('63.01.01.2010', '63.01.01', '63.01.01.2010', 'Ranggang Dalam'),
('63.01.01.2011', '63.01.01', '63.01.01.2011', 'Telaga langsat'),
('63.01.01.2012', '63.01.01', '63.01.01.2012', 'Sumber Makmur'),
('63.01.02.2001', '63.01.02', '63.01.02.2001', 'Sabuhur'),
('63.01.02.2002', '63.01.02', '63.01.02.2002', 'Jorong'),
('63.01.02.2003', '63.01.02', '63.01.02.2003', 'Asam-Asam'),
('63.01.02.2004', '63.01.02', '63.01.02.2004', 'Batalang'),
('63.01.02.2005', '63.01.02', '63.01.02.2005', 'Swarangan'),
('63.01.02.2006', '63.01.02', '63.01.02.2006', 'Muara Asam-Asam'),
('63.01.02.2007', '63.01.02', '63.01.02.2007', 'Alur'),
('63.01.02.2008', '63.01.02', '63.01.02.2008', 'Asri Mulya'),
('63.01.02.2009', '63.01.02', '63.01.02.2009', 'Karang Rejo'),
('63.01.02.2010', '63.01.02', '63.01.02.2010', 'Asam Jaya'),
('63.01.02.2011', '63.01.02', '63.01.02.2011', 'Simpang Empat Sungai Baru'),
('63.01.03.1001', '63.01.03', '63.01.03.1001', 'Sarang Halang'),
('63.01.03.1002', '63.01.03', '63.01.03.1002', 'Karang Taruna'),
('63.01.03.1003', '63.01.03', '63.01.03.1003', 'Pelaihari'),
('63.01.03.1004', '63.01.03', '63.01.03.1004', 'Angsau'),
('63.01.03.1005', '63.01.03', '63.01.03.1005', 'Pabahanan'),
('63.01.03.2006', '63.01.03', '63.01.03.2006', 'Bumi Jaya'),
('63.01.03.2008', '63.01.03', '63.01.03.2008', 'Sungai Riam'),
('63.01.03.2009', '63.01.03', '63.01.03.2009', 'Tampang'),
('63.01.03.2010', '63.01.03', '63.01.03.2010', 'Telaga'),
('63.01.03.2011', '63.01.03', '63.01.03.2011', 'Panjaratan'),
('63.01.03.2012', '63.01.03', '63.01.03.2012', 'Atu-atu'),
('63.01.03.2015', '63.01.03', '63.01.03.2015', 'Panggung'),
('63.01.03.2016', '63.01.03', '63.01.03.2016', 'Tungkaran'),
('63.01.03.2017', '63.01.03', '63.01.03.2017', 'Ujung Batu'),
('63.01.03.2020', '63.01.03', '63.01.03.2020', 'Panggung Baru'),
('63.01.03.2024', '63.01.03', '63.01.03.2024', 'Ambungan'),
('63.01.03.2025', '63.01.03', '63.01.03.2025', 'Guntung Besar'),
('63.01.03.2026', '63.01.03', '63.01.03.2026', 'Kampung Baru'),
('63.01.03.2027', '63.01.03', '63.01.03.2027', 'Sumber Mulia'),
('63.01.03.2029', '63.01.03', '63.01.03.2029', 'Pemuda'),
('63.01.04.2001', '63.01.04', '63.01.04.2001', 'Sungai Bakau'),
('63.01.04.2002', '63.01.04', '63.01.04.2002', 'Maluka Baulin'),
('63.01.04.2003', '63.01.04', '63.01.04.2003', 'Bawah Layung'),
('63.01.04.2004', '63.01.04', '63.01.04.2004', 'Tambak Sarinah'),
('63.01.04.2005', '63.01.04', '63.01.04.2005', 'Kali Besar'),
('63.01.04.2006', '63.01.04', '63.01.04.2006', 'Handil Negara'),
('63.01.04.2007', '63.01.04', '63.01.04.2007', 'Padang Luas'),
('63.01.04.2008', '63.01.04', '63.01.04.2008', 'Kurau'),
('63.01.04.2017', '63.01.04', '63.01.04.2017', 'Tambak Karya'),
('63.01.04.2018', '63.01.04', '63.01.04.2018', 'Raden'),
('63.01.04.2019', '63.01.04', '63.01.04.2019', 'Sarikandi'),
('63.01.05.2001', '63.01.05', '63.01.05.2001', 'Benua Raya'),
('63.01.05.2002', '63.01.05', '63.01.05.2002', 'Bati-Bati'),
('63.01.05.2003', '63.01.05', '63.01.05.2003', 'Ujung'),
('63.01.05.2004', '63.01.05', '63.01.05.2004', 'Liang Anggang'),
('63.01.05.2005', '63.01.05', '63.01.05.2005', 'Bentok Kampung'),
('63.01.05.2006', '63.01.05', '63.01.05.2006', 'Bentok Darat'),
('63.01.05.2007', '63.01.05', '63.01.05.2007', 'Banyu Irang'),
('63.01.05.2008', '63.01.05', '63.01.05.2008', 'Nusa Indah'),
('63.01.05.2009', '63.01.05', '63.01.05.2009', 'Pandahan'),
('63.01.05.2010', '63.01.05', '63.01.05.2010', 'Padang'),
('63.01.05.2011', '63.01.05', '63.01.05.2011', 'Ujung Baru'),
('63.01.05.2012', '63.01.05', '63.01.05.2012', 'Sambangan'),
('63.01.05.2013', '63.01.05', '63.01.05.2013', 'Kait-kait'),
('63.01.05.2014', '63.01.05', '63.01.05.2014', 'Kait-kait Baru'),
('63.01.06.2001', '63.01.06', '63.01.06.2001', 'Batu Tungku'),
('63.01.06.2002', '63.01.06', '63.01.06.2002', 'Panyipatan'),
('63.01.06.2003', '63.01.06', '63.01.06.2003', 'Kandangan Baru'),
('63.01.06.2004', '63.01.06', '63.01.06.2004', 'Kandangan Lama'),
('63.01.06.2005', '63.01.06', '63.01.06.2005', 'Batakan'),
('63.01.06.2006', '63.01.06', '63.01.06.2006', 'Kuringkit'),
('63.01.06.2007', '63.01.06', '63.01.06.2007', 'Tanjung Dewa'),
('63.01.06.2008', '63.01.06', '63.01.06.2008', 'Suka Ramah'),
('63.01.06.2009', '63.01.06', '63.01.06.2009', 'Batu Mulya'),
('63.01.06.2010', '63.01.06', '63.01.06.2010', 'Bumi Asih'),
('63.01.07.2001', '63.01.07', '63.01.07.2001', 'Pandan Sari'),
('63.01.07.2002', '63.01.07', '63.01.07.2002', 'Kintap'),
('63.01.07.2003', '63.01.07', '63.01.07.2003', 'Kintapura'),
('63.01.07.2004', '63.01.07', '63.01.07.2004', 'Sungai Cuka'),
('63.01.07.2005', '63.01.07', '63.01.07.2005', 'Riam Adungan'),
('63.01.07.2006', '63.01.07', '63.01.07.2006', 'Muara Kintap'),
('63.01.07.2007', '63.01.07', '63.01.07.2007', 'Salaman'),
('63.01.07.2008', '63.01.07', '63.01.07.2008', 'Kintap Kecil'),
('63.01.07.2009', '63.01.07', '63.01.07.2009', 'Pasir Putih'),
('63.01.07.2010', '63.01.07', '63.01.07.2010', 'Sumber Jaya'),
('63.01.07.2011', '63.01.07', '63.01.07.2011', 'Bukit Mulia'),
('63.01.07.2012', '63.01.07', '63.01.07.2012', 'Kebun Raya'),
('63.01.07.2013', '63.01.07', '63.01.07.2013', 'Mekar Raya'),
('63.01.07.2014', '63.01.07', '63.01.07.2014', 'Sebamban Baru'),
('63.01.08.2001', '63.01.08', '63.01.08.2001', 'Tambang Ulang'),
('63.01.08.2002', '63.01.08', '63.01.08.2002', 'Sungai Pinang'),
('63.01.08.2003', '63.01.08', '63.01.08.2003', 'Martadah'),
('63.01.08.2004', '63.01.08', '63.01.08.2004', 'Sungai Jelai'),
('63.01.08.2005', '63.01.08', '63.01.08.2005', 'Bingkulu'),
('63.01.08.2006', '63.01.08', '63.01.08.2006', 'Gunung Raja'),
('63.01.08.2007', '63.01.08', '63.01.08.2007', 'Pulau Sari'),
('63.01.08.2008', '63.01.08', '63.01.08.2008', 'Kayu Abang'),
('63.01.08.2009', '63.01.08', '63.01.08.2009', 'Martadah Baru'),
('63.01.09.2001', '63.01.09', '63.01.09.2001', 'Batu Ampar'),
('63.01.09.2002', '63.01.09', '63.01.09.2002', 'Gunung Mas'),
('63.01.09.2003', '63.01.09', '63.01.09.2003', 'Tajau Mulya'),
('63.01.09.2004', '63.01.09', '63.01.09.2004', 'Jilatan'),
('63.01.09.2005', '63.01.09', '63.01.09.2005', 'Durian Bungkuk'),
('63.01.09.2006', '63.01.09', '63.01.09.2006', 'Ambawang'),
('63.01.09.2007', '63.01.09', '63.01.09.2007', 'Damit'),
('63.01.09.2008', '63.01.09', '63.01.09.2008', 'Gunung Melati'),
('63.01.09.2009', '63.01.09', '63.01.09.2009', 'Bluru'),
('63.01.09.2010', '63.01.09', '63.01.09.2010', 'Pantai Linuh'),
('63.01.09.2011', '63.01.09', '63.01.09.2011', 'Damit Hulu'),
('63.01.09.2012', '63.01.09', '63.01.09.2012', 'Jilatan Alur'),
('63.01.09.2013', '63.01.09', '63.01.09.2013', 'Damar Lima'),
('63.01.09.2014', '63.01.09', '63.01.09.2014', 'Tajau Pecah'),
('63.01.10.2001', '63.01.10', '63.01.10.2001', 'Bajuin'),
('63.01.10.2002', '63.01.10', '63.01.10.2002', 'Sungai Bakar'),
('63.01.10.2003', '63.01.10', '63.01.10.2003', 'Ketapang'),
('63.01.10.2004', '63.01.10', '63.01.10.2004', 'Tirta Jaya'),
('63.01.10.2005', '63.01.10', '63.01.10.2005', 'Galam'),
('63.01.10.2006', '63.01.10', '63.01.10.2006', 'Pemalongan'),
('63.01.10.2007', '63.01.10', '63.01.10.2007', 'Kunyit'),
('63.01.10.2008', '63.01.10', '63.01.10.2008', 'Tebing Siring'),
('63.01.10.2009', '63.01.10', '63.01.10.2009', 'Tanjung'),
('63.01.11.2001', '63.01.11', '63.01.11.2001', 'Handil Babirik'),
('63.01.11.2002', '63.01.11', '63.01.11.2002', 'Kurau Utara'),
('63.01.11.2003', '63.01.11', '63.01.11.2003', 'Bumi Harapan'),
('63.01.11.2004', '63.01.11', '63.01.11.2004', 'Sungai Rasau'),
('63.01.11.2005', '63.01.11', '63.01.11.2005', 'Pantai Harapan'),
('63.01.11.2006', '63.01.11', '63.01.11.2006', 'Handil Suruk'),
('63.01.11.2007', '63.01.11', '63.01.11.2007', 'Handil Gayam'),
('63.01.11.2008', '63.01.11', '63.01.11.2008', 'Handil Birayang Atas'),
('63.01.11.2009', '63.01.11', '63.01.11.2009', 'Handil Birayang Bawah'),
('63.01.11.2010', '63.01.11', '63.01.11.2010', 'Handil Maluka'),
('63.01.11.2011', '63.01.11', '63.01.11.2011', 'Handil Labuan Amas'),
('63.02.01.2001', '63.02.01', '63.02.01.2001', 'Labuan Barat'),
('63.02.01.2002', '63.02.01', '63.02.01.2002', 'Teluk Sungai'),
('63.02.01.2003', '63.02.01', '63.02.01.2003', 'Maradapan'),
('63.02.01.2004', '63.02.01', '63.02.01.2004', 'Tengah'),
('63.02.01.2005', '63.02.01', '63.02.01.2005', 'Tanjung Nyiur'),
('63.02.02.2005', '63.02.02', '63.02.02.2005', 'Lontar Selatan'),
('63.02.02.2006', '63.02.02', '63.02.02.2006', 'Lontar Timur'),
('63.02.02.2007', '63.02.02', '63.02.02.2007', 'Sebanti'),
('63.02.02.2008', '63.02.02', '63.02.02.2008', 'Sepagar'),
('63.02.02.2009', '63.02.02', '63.02.02.2009', 'Semaras'),
('63.02.02.2012', '63.02.02', '63.02.02.2012', 'Terangkeh'),
('63.02.02.2015', '63.02.02', '63.02.02.2015', 'Gemuruh'),
('63.02.02.2017', '63.02.02', '63.02.02.2017', 'Tapian Balai'),
('63.02.02.2018', '63.02.02', '63.02.02.2018', 'Lontar Utara'),
('63.02.02.2021', '63.02.02', '63.02.02.2021', 'Sumber Sari'),
('63.02.02.2022', '63.02.02', '63.02.02.2022', 'Subur Makmur'),
('63.02.03.2006', '63.02.03', '63.02.03.2006', 'Teluk Sirih'),
('63.02.03.2007', '63.02.03', '63.02.03.2007', 'Sungai Bahim'),
('63.02.03.2008', '63.02.03', '63.02.03.2008', 'Tanjung Seloka'),
('63.02.03.2009', '63.02.03', '63.02.03.2009', 'Tanjung Serudung'),
('63.02.03.2011', '63.02.03', '63.02.03.2011', 'Alle-Alle'),
('63.02.03.2013', '63.02.03', '63.02.03.2013', 'Sungai Bulan'),
('63.02.03.2015', '63.02.03', '63.02.03.2015', 'Labuan Mas'),
('63.02.03.2016', '63.02.03', '63.02.03.2016', 'Tanjung Seloka Utara'),
('63.02.04.2001', '63.02.04', '63.02.04.2001', 'Batu Tunau'),
('63.02.04.2002', '63.02.04', '63.02.04.2002', 'Sejakah'),
('63.02.04.2003', '63.02.04', '63.02.04.2003', 'Bekambit'),
('63.02.04.2004', '63.02.04', '63.02.04.2004', 'Langkang Baru'),
('63.02.04.2005', '63.02.04', '63.02.04.2005', 'Langkang Lama'),
('63.02.04.2006', '63.02.04', '63.02.04.2006', 'Sungai Limau'),
('63.02.04.2007', '63.02.04', '63.02.04.2007', 'Berangas'),
('63.02.04.2008', '63.02.04', '63.02.04.2008', 'Tanjung Pengharapan'),
('63.02.04.2009', '63.02.04', '63.02.04.2009', 'Betung'),
('63.02.04.2010', '63.02.04', '63.02.04.2010', 'Teluk Mesjid'),
('63.02.04.2011', '63.02.04', '63.02.04.2011', 'Teluk Gosong'),
('63.02.04.2012', '63.02.04', '63.02.04.2012', 'Kulipak'),
('63.02.04.2013', '63.02.04', '63.02.04.2013', 'Karangsari Indah'),
('63.02.04.2014', '63.02.04', '63.02.04.2014', 'Bekambit Asri'),
('63.02.05.2001', '63.02.05', '63.02.05.2001', 'Sekapung'),
('63.02.05.2002', '63.02.05', '63.02.05.2002', 'Kanibungan'),
('63.02.05.2003', '63.02.05', '63.02.05.2003', 'Mandin'),
('63.02.05.2004', '63.02.05', '63.02.05.2004', 'Serakaman'),
('63.02.05.2005', '63.02.05', '63.02.05.2005', 'Sungai Bali'),
('63.02.05.2006', '63.02.05', '63.02.05.2006', 'Balambus'),
('63.02.05.2007', '63.02.05', '63.02.05.2007', 'Rampa'),
('63.02.05.2008', '63.02.05', '63.02.05.2008', 'Ujung'),
('63.02.06.1001', '63.02.06', '63.02.06.1001', 'Kotabaru Hulu'),
('63.02.06.2009', '63.02.06', '63.02.06.2009', 'Megasari'),
('63.02.06.2010', '63.02.06', '63.02.06.2010', 'Sebelimbingan'),
('63.02.06.2011', '63.02.06', '63.02.06.2011', 'Stagen'),
('63.02.06.2012', '63.02.06', '63.02.06.2012', 'Rampa'),
('63.02.06.2013', '63.02.06', '63.02.06.2013', 'Sungai Taib'),
('63.02.06.2014', '63.02.06', '63.02.06.2014', 'Semayap'),
('63.02.06.2015', '63.02.06', '63.02.06.2015', 'Dirgahayu'),
('63.02.06.2022', '63.02.06', '63.02.06.2022', 'Gunung Ulin'),
('63.02.06.2025', '63.02.06', '63.02.06.2025', 'Gunung Sari'),
('63.02.07.2004', '63.02.07', '63.02.07.2004', 'Tanjung Pangga'),
('63.02.07.2005', '63.02.07', '63.02.07.2005', 'Pembelacanan'),
('63.02.07.2006', '63.02.07', '63.02.07.2006', 'Sungai Nipah'),
('63.02.07.2007', '63.02.07', '63.02.07.2007', 'Pantai'),
('63.02.07.2009', '63.02.07', '63.02.07.2009', 'Sangking Baru'),
('63.02.07.2014', '63.02.07', '63.02.07.2014', 'Suka Maju'),
('63.02.07.2015', '63.02.07', '63.02.07.2015', 'Sungai Kupang Jaya'),
('63.02.07.2016', '63.02.07', '63.02.07.2016', 'Pantai Baru'),
('63.02.07.2017', '63.02.07', '63.02.07.2017', 'Bumi Asih'),
('63.02.08.2001', '63.02.08', '63.02.08.2001', 'Cantung Kiri Hilir'),
('63.02.08.2002', '63.02.08', '63.02.08.2002', 'Karang Payau'),
('63.02.08.2003', '63.02.08', '63.02.08.2003', 'Banua Lawas'),
('63.02.08.2004', '63.02.08', '63.02.08.2004', 'Sungai Kupang'),
('63.02.08.2005', '63.02.08', '63.02.08.2005', 'Bangkalaan Melayu'),
('63.02.08.2006', '63.02.08', '63.02.08.2006', 'Bangkalaan Dayak'),
('63.02.08.2007', '63.02.08', '63.02.08.2007', 'Laburan'),
('63.02.08.2008', '63.02.08', '63.02.08.2008', 'Karang Liwar'),
('63.02.08.2009', '63.02.08', '63.02.08.2009', 'Mangkirana'),
('63.02.08.2010', '63.02.08', '63.02.08.2010', 'Sidomulyo'),
('63.02.09.2001', '63.02.09', '63.02.09.2001', 'Tanjung Batu'),
('63.02.09.2002', '63.02.09', '63.02.09.2002', 'Sungai Punggawa'),
('63.02.09.2003', '63.02.09', '63.02.09.2003', 'Tanah Rata'),
('63.02.09.2004', '63.02.09', '63.02.09.2004', 'Sebuli'),
('63.02.09.2005', '63.02.09', '63.02.09.2005', 'Sembilang'),
('63.02.09.2006', '63.02.09', '63.02.09.2006', 'Tamiang Bakung'),
('63.02.09.2007', '63.02.09', '63.02.09.2007', 'Sang-Sang'),
('63.02.09.2011', '63.02.09', '63.02.09.2011', 'Sungai Pinang'),
('63.02.09.2012', '63.02.09', '63.02.09.2012', 'Tanjung Selayar'),
('63.02.09.2013', '63.02.09', '63.02.09.2013', 'Senakin Seberang'),
('63.02.09.2014', '63.02.09', '63.02.09.2014', 'Senakin'),
('63.02.09.2016', '63.02.09', '63.02.09.2016', 'Tebing Tinggi'),
('63.02.09.2017', '63.02.09', '63.02.09.2017', 'Geronggang'),
('63.02.10.2001', '63.02.10', '63.02.10.2001', 'Sungai Hanyar'),
('63.02.10.2002', '63.02.10', '63.02.10.2002', 'Sungai Seluang'),
('63.02.10.2003', '63.02.10', '63.02.10.2003', 'Pudi'),
('63.02.10.2004', '63.02.10', '63.02.10.2004', 'Mangga'),
('63.02.10.2005', '63.02.10', '63.02.10.2005', 'Wilas'),
('63.02.10.2006', '63.02.10', '63.02.10.2006', 'Pudi Seberang'),
('63.02.10.2007', '63.02.10', '63.02.10.2007', 'Sulangkit'),
('63.02.11.2001', '63.02.11', '63.02.11.2001', 'Sekandis'),
('63.02.11.2002', '63.02.11', '63.02.11.2002', 'Gunung Calang'),
('63.02.11.2003', '63.02.11', '63.02.11.2003', 'Talusi'),
('63.02.11.2004', '63.02.11', '63.02.11.2004', 'Sakalimau'),
('63.02.11.2005', '63.02.11', '63.02.11.2005', 'Tanjung Samalantakan'),
('63.02.11.2006', '63.02.11', '63.02.11.2006', 'Sakadoyan'),
('63.02.11.2007', '63.02.11', '63.02.11.2007', 'Rampa Cengal'),
('63.02.11.2008', '63.02.11', '63.02.11.2008', 'Sesulung'),
('63.02.11.2009', '63.02.11', '63.02.11.2009', 'Pondok Labu'),
('63.02.11.2010', '63.02.11', '63.02.11.2010', 'Mulyodadi'),
('63.02.11.2011', '63.02.11', '63.02.11.2011', 'Sukadana'),
('63.02.12.2001', '63.02.12', '63.02.12.2001', 'Sepapah'),
('63.02.12.2002', '63.02.12', '63.02.12.2002', 'Sungai Betung'),
('63.02.12.2003', '63.02.12', '63.02.12.2003', 'Basuang'),
('63.02.12.2004', '63.02.12', '63.02.12.2004', 'Gunung Batu Besar'),
('63.02.12.2005', '63.02.12', '63.02.12.2005', 'Sampanahan'),
('63.02.12.2006', '63.02.12', '63.02.12.2006', 'Rampa Manunggul'),
('63.02.12.2007', '63.02.12', '63.02.12.2007', 'Papaan'),
('63.02.12.2008', '63.02.12', '63.02.12.2008', 'Sampanahan Hilir'),
('63.02.12.2009', '63.02.12', '63.02.12.2009', 'Banjarsari'),
('63.02.12.2010', '63.02.12', '63.02.12.2010', 'Sukamaju'),
('63.02.13.2002', '63.02.13', '63.02.13.2002', 'Bepara'),
('63.02.13.2004', '63.02.13', '63.02.13.2004', 'Betung'),
('63.02.13.2005', '63.02.13', '63.02.13.2005', 'Sekayu Baru'),
('63.02.13.2006', '63.02.13', '63.02.13.2006', 'Bakau'),
('63.02.13.2007', '63.02.13', '63.02.13.2007', 'Binturung'),
('63.02.13.2008', '63.02.13', '63.02.13.2008', 'Harapan Baru'),
('63.02.13.2009', '63.02.13', '63.02.13.2009', 'Balaimea'),
('63.02.13.2010', '63.02.13', '63.02.13.2010', 'Tamiang'),
('63.02.13.2011', '63.02.13', '63.02.13.2011', 'Kalian'),
('63.02.13.2012', '63.02.13', '63.02.13.2012', 'Mulyoharjo'),
('63.02.13.2013', '63.02.13', '63.02.13.2013', 'Pamukan Indah'),
('63.02.13.2014', '63.02.13', '63.02.13.2014', 'Wonorejo'),
('63.02.13.2015', '63.02.13', '63.02.13.2015', 'Lintang Jaya'),
('63.02.14.2001', '63.02.14', '63.02.14.2001', 'Hampang'),
('63.02.14.2002', '63.02.14', '63.02.14.2002', 'Cantung Kiri Hulu'),
('63.02.14.2003', '63.02.14', '63.02.14.2003', 'Cantung Kanan'),
('63.02.14.2004', '63.02.14', '63.02.14.2004', 'Muara Orie'),
('63.02.14.2005', '63.02.14', '63.02.14.2005', 'Lalapin'),
('63.02.14.2006', '63.02.14', '63.02.14.2006', 'Peramasan Dua Kali Sanga'),
('63.02.14.2007', '63.02.14', '63.02.14.2007', 'Limbur'),
('63.02.14.2008', '63.02.14', '63.02.14.2008', 'Hulu Sampanahan'),
('63.02.14.2009', '63.02.14', '63.02.14.2009', 'Limbungan'),
('63.02.15.2001', '63.02.15', '63.02.15.2001', 'Buluh Kuning'),
('63.02.15.2002', '63.02.15', '63.02.15.2002', 'Gendang Timburu'),
('63.02.15.2004', '63.02.15', '63.02.15.2004', 'Manunggal Lama'),
('63.02.15.2006', '63.02.15', '63.02.15.2006', 'Rantau Buda'),
('63.02.15.2007', '63.02.15', '63.02.15.2007', 'Manunggul Baru'),
('63.02.15.2008', '63.02.15', '63.02.15.2008', 'Terombong Sari'),
('63.02.15.2009', '63.02.15', '63.02.15.2009', 'Rantau Jaya'),
('63.02.16.2001', '63.02.16', '63.02.16.2001', 'Semisir'),
('63.02.16.2002', '63.02.16', '63.02.16.2002', 'Sungai Pasir'),
('63.02.16.2003', '63.02.16', '63.02.16.2003', 'Mekarpura'),
('63.02.16.2004', '63.02.16', '63.02.16.2004', 'Selaru'),
('63.02.16.2005', '63.02.16', '63.02.16.2005', 'Sungup Kanan'),
('63.02.16.2006', '63.02.16', '63.02.16.2006', 'Pantai Baru'),
('63.02.16.2007', '63.02.16', '63.02.16.2007', 'Salino'),
('63.02.17.2001', '63.02.17', '63.02.17.2001', 'Serongga'),
('63.02.17.2002', '63.02.17', '63.02.17.2002', 'Tarjun'),
('63.02.17.2003', '63.02.17', '63.02.17.2003', 'Langadai'),
('63.02.17.2004', '63.02.17', '63.02.17.2004', 'Pulau Panci'),
('63.02.17.2005', '63.02.17', '63.02.17.2005', 'Pelajau Baru'),
('63.02.17.2006', '63.02.17', '63.02.17.2006', 'Tegal Rejo'),
('63.02.17.2007', '63.02.17', '63.02.17.2007', 'Mandala'),
('63.02.17.2008', '63.02.17', '63.02.17.2008', 'Telagasari'),
('63.02.17.2009', '63.02.17', '63.02.17.2009', 'Sahapi'),
('63.02.18.2001', '63.02.18', '63.02.18.2001', 'Siayuh'),
('63.02.18.2002', '63.02.18', '63.02.18.2002', 'Bungkukan'),
('63.02.18.2003', '63.02.18', '63.02.18.2003', 'Batang Kulur'),
('63.02.18.2004', '63.02.18', '63.02.18.2004', 'Tanjung Sari'),
('63.02.18.2005', '63.02.18', '63.02.18.2005', 'Magalau Hilir'),
('63.02.18.2006', '63.02.18', '63.02.18.2006', 'Magalau Hulu'),
('63.02.19.2001', '63.02.19', '63.02.19.2001', 'Sengayam'),
('63.02.19.2002', '63.02.19', '63.02.19.2002', 'Mayang Sari'),
('63.02.19.2003', '63.02.19', '63.02.19.2003', 'Marga Jaya'),
('63.02.19.2004', '63.02.19', '63.02.19.2004', 'Mangka'),
('63.02.19.2005', '63.02.19', '63.02.19.2005', 'Batuah'),
('63.02.20.2001', '63.02.20', '63.02.20.2001', 'Tanjung Lalak Utara'),
('63.02.20.2002', '63.02.20', '63.02.20.2002', 'Tanjung Lalak Selatan'),
('63.02.20.2003', '63.02.20', '63.02.20.2003', 'Pulau Kerayaan'),
('63.02.20.2004', '63.02.20', '63.02.20.2004', 'Kerayaan Utara'),
('63.02.20.2005', '63.02.20', '63.02.20.2005', 'Pulau Kerasian'),
('63.02.20.2006', '63.02.20', '63.02.20.2006', 'Pulau Kerumputan'),
('63.02.20.2007', '63.02.20', '63.02.20.2007', 'Teluk Aru'),
('63.02.20.2008', '63.02.20', '63.02.20.2008', 'Teluk Kemuning'),
('63.02.20.2009', '63.02.20', '63.02.20.2009', 'Oka-Oka'),
('63.02.21.2001', '63.02.21', '63.02.21.2001', 'Tanjung Pelayar'),
('63.02.21.2002', '63.02.21', '63.02.21.2002', 'Tanjung Sungkai'),
('63.02.21.2003', '63.02.21', '63.02.21.2003', 'Tanjung Tengah'),
('63.02.21.2004', '63.02.21', '63.02.21.2004', 'Tanjung Kunyit'),
('63.02.21.2005', '63.02.21', '63.02.21.2005', 'Teluk Tamiang'),
('63.02.21.2006', '63.02.21', '63.02.21.2006', 'Gosong Panjang'),
('63.02.21.2007', '63.02.21', '63.02.21.2007', 'Kampung Baru'),
('63.02.21.2008', '63.02.21', '63.02.21.2008', 'Tata Mekar'),
('63.02.21.2009', '63.02.21', '63.02.21.2009', 'Bandar Raya'),
('63.02.21.2010', '63.02.21', '63.02.21.2010', 'Bangun Rejo'),
('63.02.22.1009', '63.02.22', '63.02.22.1009', 'Baharu Selatan'),
('63.02.22.1010', '63.02.22', '63.02.22.1010', 'Kotabaru Tengah'),
('63.02.22.1011', '63.02.22', '63.02.22.1011', 'Kotabaru Hilir'),
('63.02.22.2001', '63.02.22', '63.02.22.2001', 'Sebatung'),
('63.02.22.2002', '63.02.22', '63.02.22.2002', 'Hilir Muara'),
('63.02.22.2003', '63.02.22', '63.02.22.2003', 'Batuah'),
('63.02.22.2004', '63.02.22', '63.02.22.2004', 'Baharu Utara'),
('63.02.22.2005', '63.02.22', '63.02.22.2005', 'Tirawan'),
('63.02.22.2006', '63.02.22', '63.02.22.2006', 'Gedambaan'),
('63.02.22.2007', '63.02.22', '63.02.22.2007', 'Sarang Tiung'),
('63.02.22.2008', '63.02.22', '63.02.22.2008', 'Sigam'),
('63.03.01.2001', '63.03.01', '63.03.01.2001', 'Bakambat'),
('63.03.01.2002', '63.03.01', '63.03.01.2002', 'Tanipah'),
('63.03.01.2009', '63.03.01', '63.03.01.2009', 'Pemurus'),
('63.03.01.2010', '63.03.01', '63.03.01.2010', 'Simpang Warga'),
('63.03.01.2011', '63.03.01', '63.03.01.2011', 'Bunipah'),
('63.03.01.2012', '63.03.01', '63.03.01.2012', 'Aluh Aluh Besar'),
('63.03.01.2013', '63.03.01', '63.03.01.2013', 'Aluh Aluh Kecil'),
('63.03.01.2014', '63.03.01', '63.03.01.2014', 'Podok'),
('63.03.01.2015', '63.03.01', '63.03.01.2015', 'Handil Bujur'),
('63.03.01.2016', '63.03.01', '63.03.01.2016', 'Kuin Besar'),
('63.03.01.2017', '63.03.01', '63.03.01.2017', 'Terapu'),
('63.03.01.2019', '63.03.01', '63.03.01.2019', 'Labat Muara'),
('63.03.01.2022', '63.03.01', '63.03.01.2022', 'Pulantan'),
('63.03.01.2024', '63.03.01', '63.03.01.2024', 'Aluh Aluh Kecil Muara'),
('63.03.01.2026', '63.03.01', '63.03.01.2026', 'Simpang Warga Dalam'),
('63.03.01.2027', '63.03.01', '63.03.01.2027', 'Kuin Kecil'),
('63.03.01.2028', '63.03.01', '63.03.01.2028', 'Handil Baru'),
('63.03.01.2030', '63.03.01', '63.03.01.2030', 'Balimau'),
('63.03.01.2031', '63.03.01', '63.03.01.2031', 'Sungai Musang'),
('63.03.02.1001', '63.03.02', '63.03.02.1001', 'Kertak Hanyar I'),
('63.03.02.1008', '63.03.02', '63.03.02.1008', 'Manarap Lama'),
('63.03.02.1015', '63.03.02', '63.03.02.1015', 'Mandarsari'),
('63.03.02.2005', '63.03.02', '63.03.02.2005', 'Pemangkih Laut'),
('63.03.02.2006', '63.03.02', '63.03.02.2006', 'Simpang Empat'),
('63.03.02.2007', '63.03.02', '63.03.02.2007', 'Sungai Lakum'),
('63.03.02.2009', '63.03.02', '63.03.02.2009', 'Manarap Baru'),
('63.03.02.2010', '63.03.02', '63.03.02.2010', 'Kertak Hanyar II'),
('63.03.02.2014', '63.03.02', '63.03.02.2014', 'Pasar Kamis'),
('63.03.02.2016', '63.03.02', '63.03.02.2016', 'Manarap Tengah'),
('63.03.02.2017', '63.03.02', '63.03.02.2017', 'Belayung Baru'),
('63.03.02.2021', '63.03.02', '63.03.02.2021', 'Banua Hanyar'),
('63.03.02.2022', '63.03.02', '63.03.02.2022', 'Mekar Raya'),
('63.03.03.1001', '63.03.03', '63.03.03.1001', 'Gambut'),
('63.03.03.1014', '63.03.03', '63.03.03.1014', 'Gambut Barat'),
('63.03.03.2002', '63.03.03', '63.03.03.2002', 'Sungai Kupang'),
('63.03.03.2003', '63.03.03', '63.03.03.2003', 'Guntung Papuyu'),
('63.03.03.2004', '63.03.03', '63.03.03.2004', 'Makmur'),
('63.03.03.2005', '63.03.03', '63.03.03.2005', 'Tambak Sirang Darat'),
('63.03.03.2006', '63.03.03', '63.03.03.2006', 'Tambak Sirang Laut'),
('63.03.03.2007', '63.03.03', '63.03.03.2007', 'Malintang'),
('63.03.03.2008', '63.03.03', '63.03.03.2008', 'Kayu Bawang'),
('63.03.03.2009', '63.03.03', '63.03.03.2009', 'Banyu Hirang'),
('63.03.03.2010', '63.03.03', '63.03.03.2010', 'Guntung Ujung'),
('63.03.03.2011', '63.03.03', '63.03.03.2011', 'Tambak Sirang Baru'),
('63.03.03.2012', '63.03.03', '63.03.03.2012', 'Malintang Baru'),
('63.03.03.2013', '63.03.03', '63.03.03.2013', 'Keladan Baru'),
('63.03.04.1001', '63.03.04', '63.03.04.1001', 'Sungai Lulut'),
('63.03.04.2002', '63.03.04', '63.03.04.2002', 'Sungai Bakung'),
('63.03.04.2003', '63.03.04', '63.03.04.2003', 'Sungai Tandipah'),
('63.03.04.2004', '63.03.04', '63.03.04.2004', 'Lok Baintan'),
('63.03.04.2005', '63.03.04', '63.03.04.2005', 'Gudang Hirang'),
('63.03.04.2006', '63.03.04', '63.03.04.2006', 'Sungai Pinang'),
('63.03.04.2007', '63.03.04', '63.03.04.2007', 'Pembantanan'),
('63.03.04.2008', '63.03.04', '63.03.04.2008', 'Pemakuan'),
('63.03.04.2009', '63.03.04', '63.03.04.2009', 'Sungai Tabuk Kota'),
('63.03.04.2010', '63.03.04', '63.03.04.2010', 'Sungai Tabuk Keramat'),
('63.03.04.2011', '63.03.04', '63.03.04.2011', 'Lok Buntar'),
('63.03.04.2012', '63.03.04', '63.03.04.2012', 'Gudang Tengah'),
('63.03.04.2013', '63.03.04', '63.03.04.2013', 'Pejambuan'),
('63.03.04.2014', '63.03.04', '63.03.04.2014', 'Keliling Benteng Ilir'),
('63.03.04.2015', '63.03.04', '63.03.04.2015', 'Sungai Pinang Baru'),
('63.03.04.2016', '63.03.04', '63.03.04.2016', 'Paku Alam'),
('63.03.04.2017', '63.03.04', '63.03.04.2017', 'Lok Baintan Dalam'),
('63.03.04.2018', '63.03.04', '63.03.04.2018', 'Pematang Panjang'),
('63.03.04.2019', '63.03.04', '63.03.04.2019', 'Sungai Bangkal'),
('63.03.04.2020', '63.03.04', '63.03.04.2020', 'Tajau Landung'),
('63.03.04.2021', '63.03.04', '63.03.04.2021', 'Abumbun Jaya'),
('63.03.05.1001', '63.03.05', '63.03.05.1001', 'Keraton'),
('63.03.05.1002', '63.03.05', '63.03.05.1002', 'Jawa'),
('63.03.05.1003', '63.03.05', '63.03.05.1003', 'Pasayangan'),
('63.03.05.1004', '63.03.05', '63.03.05.1004', 'Murung Keraton'),
('63.03.05.1005', '63.03.05', '63.03.05.1005', 'Sungai Paring'),
('63.03.05.1055', '63.03.05', '63.03.05.1055', 'Tanjung Rema Darat'),
('63.03.05.1059', '63.03.05', '63.03.05.1059', 'Sekumpul'),
('63.03.05.2009', '63.03.05', '63.03.05.2009', 'Sungai Sipai'),
('63.03.05.2010', '63.03.05', '63.03.05.2010', 'Pasayangan Selatan'),
('63.03.05.2011', '63.03.05', '63.03.05.2011', 'Tanjung Rema'),
('63.03.05.2012', '63.03.05', '63.03.05.2012', 'Bincau'),
('63.03.05.2013', '63.03.05', '63.03.05.2013', 'Murung Kenanga'),
('63.03.05.2015', '63.03.05', '63.03.05.2015', 'Tunggul Irang'),
('63.03.05.2016', '63.03.05', '63.03.05.2016', 'Tambak Baru'),
('63.03.05.2034', '63.03.05', '63.03.05.2034', 'Cindai Alus'),
('63.03.05.2036', '63.03.05', '63.03.05.2036', 'Tungkaran'),
('63.03.05.2037', '63.03.05', '63.03.05.2037', 'Tambak Baru Ulu'),
('63.03.05.2040', '63.03.05', '63.03.05.2040', 'Bincau Muara'),
('63.03.05.2042', '63.03.05', '63.03.05.2042', 'Tunggul Irang Ilir'),
('63.03.05.2043', '63.03.05', '63.03.05.2043', 'Tunggul Irang Ulu'),
('63.03.05.2051', '63.03.05', '63.03.05.2051', 'Labuan Tabu'),
('63.03.05.2052', '63.03.05', '63.03.05.2052', 'Indra Sari'),
('63.03.05.2054', '63.03.05', '63.03.05.2054', 'Jawa Laut'),
('63.03.05.2056', '63.03.05', '63.03.05.2056', 'Pasayangan Utara'),
('63.03.05.2057', '63.03.05', '63.03.05.2057', 'Pasayangan Barat'),
('63.03.05.2058', '63.03.05', '63.03.05.2058', 'Tambak Baru Ilir'),
('63.03.06.2001', '63.03.06', '63.03.06.2001', 'Kiram'),
('63.03.06.2002', '63.03.06', '63.03.06.2002', 'Mandiangin Barat'),
('63.03.06.2003', '63.03.06', '63.03.06.2003', 'Karang Intan'),
('63.03.06.2004', '63.03.06', '63.03.06.2004', 'Pandak Daun'),
('63.03.06.2005', '63.03.06', '63.03.06.2005', 'Jingah Habang Hulu'),
('63.03.06.2006', '63.03.06', '63.03.06.2006', 'Mali Mali'),
('63.03.06.2007', '63.03.06', '63.03.06.2007', 'Lok Tangga'),
('63.03.06.2008', '63.03.06', '63.03.06.2008', 'Lihung'),
('63.03.06.2009', '63.03.06', '63.03.06.2009', 'Bi ih'),
('63.03.06.2010', '63.03.06', '63.03.06.2010', 'Penyambaran'),
('63.03.06.2011', '63.03.06', '63.03.06.2011', 'Sungai Alang'),
('63.03.06.2012', '63.03.06', '63.03.06.2012', 'Sungai Asam'),
('63.03.06.2013', '63.03.06', '63.03.06.2013', 'Mandikapau Timur'),
('63.03.06.2014', '63.03.06', '63.03.06.2014', 'Awang Bangkal Barat'),
('63.03.06.2015', '63.03.06', '63.03.06.2015', 'Awang Bangkal Timur'),
('63.03.06.2016', '63.03.06', '63.03.06.2016', 'Sungai Besar'),
('63.03.06.2017', '63.03.06', '63.03.06.2017', 'Mandiangin Timur'),
('63.03.06.2018', '63.03.06', '63.03.06.2018', 'Pasar Lama'),
('63.03.06.2019', '63.03.06', '63.03.06.2019', 'Jingah Habang Ilir'),
('63.03.06.2020', '63.03.06', '63.03.06.2020', 'Sungai Arfat'),
('63.03.06.2021', '63.03.06', '63.03.06.2021', 'Padang Panjang'),
('63.03.06.2022', '63.03.06', '63.03.06.2022', 'Sungai Landas'),
('63.03.06.2023', '63.03.06', '63.03.06.2023', 'Abirau'),
('63.03.06.2024', '63.03.06', '63.03.06.2024', 'Pulau Nyiur'),
('63.03.06.2025', '63.03.06', '63.03.06.2025', 'Mandi Kapau Barat'),
('63.03.06.2026', '63.03.06', '63.03.06.2026', 'Balau'),
('63.03.07.2001', '63.03.07', '63.03.07.2001', 'Pingaran'),
('63.03.07.2002', '63.03.07', '63.03.07.2002', 'Jati Baru'),
('63.03.07.2003', '63.03.07', '63.03.07.2003', 'Pasar Jati'),
('63.03.07.2004', '63.03.07', '63.03.07.2004', 'Danau Salak'),
('63.03.07.2005', '63.03.07', '63.03.07.2005', 'Tambak Danau'),
('63.03.07.2006', '63.03.07', '63.03.07.2006', 'Kaliukan'),
('63.03.07.2007', '63.03.07', '63.03.07.2007', 'Sungai Alat'),
('63.03.07.2008', '63.03.07', '63.03.07.2008', 'Pingaran Ulu'),
('63.03.07.2009', '63.03.07', '63.03.07.2009', 'Astambul Kota'),
('63.03.07.2010', '63.03.07', '63.03.07.2010', 'Astambul Seberang'),
('63.03.07.2011', '63.03.07', '63.03.07.2011', 'Sungai Tuan Ulu'),
('63.03.07.2012', '63.03.07', '63.03.07.2012', 'Benua Anyar Sungai Tuan'),
('63.03.07.2013', '63.03.07', '63.03.07.2013', 'Kelampaian Ilir'),
('63.03.07.2014', '63.03.07', '63.03.07.2014', 'Kelampaian Ulu'),
('63.03.07.2015', '63.03.07', '63.03.07.2015', 'Limamar'),
('63.03.07.2016', '63.03.07', '63.03.07.2016', 'Lok Gabang'),
('63.03.07.2017', '63.03.07', '63.03.07.2017', 'Pematang Hambawang'),
('63.03.07.2018', '63.03.07', '63.03.07.2018', 'Kelampaian Tengah'),
('63.03.07.2019', '63.03.07', '63.03.07.2019', 'Tambangan'),
('63.03.07.2020', '63.03.07', '63.03.07.2020', 'Benua Anyar Danau Salak'),
('63.03.07.2021', '63.03.07', '63.03.07.2021', 'Sungai Tuan Ilir'),
('63.03.07.2022', '63.03.07', '63.03.07.2022', 'Munggu Raya'),
('63.03.08.2005', '63.03.08', '63.03.08.2005', 'Paku'),
('63.03.08.2006', '63.03.08', '63.03.08.2006', 'Simpang Empat'),
('63.03.08.2007', '63.03.08', '63.03.08.2007', 'Lok Cantung'),
('63.03.08.2008', '63.03.08', '63.03.08.2008', 'Tanah Intan'),
('63.03.08.2009', '63.03.08', '63.03.08.2009', 'Sungai Raya'),
('63.03.08.2010', '63.03.08', '63.03.08.2010', 'Sungkai'),
('63.03.08.2011', '63.03.08', '63.03.08.2011', 'Sungai Langsat'),
('63.03.08.2014', '63.03.08', '63.03.08.2014', 'Lawiran'),
('63.03.08.2017', '63.03.08', '63.03.08.2017', 'Batu Balian'),
('63.03.08.2018', '63.03.08', '63.03.08.2018', 'Cabi'),
('63.03.08.2019', '63.03.08', '63.03.08.2019', 'Berkat Mulya'),
('63.03.08.2021', '63.03.08', '63.03.08.2021', 'Sungai Baru'),
('63.03.08.2022', '63.03.08', '63.03.08.2022', 'Paring Tali'),
('63.03.08.2025', '63.03.08', '63.03.08.2025', 'Pasar Lama'),
('63.03.08.2026', '63.03.08', '63.03.08.2026', 'Sungai Tabuk'),
('63.03.09.2001', '63.03.09', '63.03.09.2001', 'Maniapun'),
('63.03.09.2002', '63.03.09', '63.03.09.2002', 'Lok Tunggul'),
('63.03.09.2003', '63.03.09', '63.03.09.2003', 'Lobang Baru'),
('63.03.09.2004', '63.03.09', '63.03.09.2004', 'Pengaron'),
('63.03.09.2005', '63.03.09', '63.03.09.2005', 'Benteng'),
('63.03.09.2006', '63.03.09', '63.03.09.2006', 'Ati\'im'),
('63.03.09.2007', '63.03.09', '63.03.09.2007', 'Alimukim'),
('63.03.09.2008', '63.03.09', '63.03.09.2008', 'Panyiuran'),
('63.03.09.2009', '63.03.09', '63.03.09.2009', 'Antaraku'),
('63.03.09.2010', '63.03.09', '63.03.09.2010', 'Mangkauk'),
('63.03.09.2015', '63.03.09', '63.03.09.2015', 'Kertak Empat'),
('63.03.09.2018', '63.03.09', '63.03.09.2018', 'Lumpangi'),
('63.03.10.2001', '63.03.10', '63.03.10.2001', 'Kupang Rejo'),
('63.03.10.2002', '63.03.10', '63.03.10.2002', 'Sungai Pinang'),
('63.03.10.2003', '63.03.10', '63.03.10.2003', 'Kahelaan'),
('63.03.10.2004', '63.03.10', '63.03.10.2004', 'Rantau Nangka'),
('63.03.10.2005', '63.03.10', '63.03.10.2005', 'Rantau Bakula'),
('63.03.10.2006', '63.03.10', '63.03.10.2006', 'Belimbing Lama'),
('63.03.10.2010', '63.03.10', '63.03.10.2010', 'Sumber Baru'),
('63.03.10.2011', '63.03.10', '63.03.10.2011', 'Belimbing Baru'),
('63.03.10.2012', '63.03.10', '63.03.10.2012', 'Pakutik'),
('63.03.10.2013', '63.03.10', '63.03.10.2013', 'Sumber Harapan'),
('63.03.10.2015', '63.03.10', '63.03.10.2015', 'Hakim Makmur'),
('63.03.11.2001', '63.03.11', '63.03.11.2001', 'Tiwingan Lama'),
('63.03.11.2002', '63.03.11', '63.03.11.2002', 'Kalaan'),
('63.03.11.2003', '63.03.11', '63.03.11.2003', 'Benua Riam'),
('63.03.11.2004', '63.03.11', '63.03.11.2004', 'Bunglai'),
('63.03.11.2005', '63.03.11', '63.03.11.2005', 'Apuai'),
('63.03.11.2006', '63.03.11', '63.03.11.2006', 'Rantau Bujur'),
('63.03.11.2007', '63.03.11', '63.03.11.2007', 'Artain'),
('63.03.11.2008', '63.03.11', '63.03.11.2008', 'Rantau Balai'),
('63.03.11.2009', '63.03.11', '63.03.11.2009', 'Tiwingan Baru'),
('63.03.11.2010', '63.03.11', '63.03.11.2010', 'Belangian'),
('63.03.11.2011', '63.03.11', '63.03.11.2011', 'Aranio'),
('63.03.11.2012', '63.03.11', '63.03.11.2012', 'Pa\'au'),
('63.03.12.2001', '63.03.12', '63.03.12.2001', 'Baru'),
('63.03.12.2002', '63.03.12', '63.03.12.2002', 'Bawahan Pasar'),
('63.03.12.2003', '63.03.12', '63.03.12.2003', 'Bawahan Seberang'),
('63.03.12.2004', '63.03.12', '63.03.12.2004', 'Pematang Danau'),
('63.03.12.2005', '63.03.12', '63.03.12.2005', 'Surian'),
('63.03.12.2006', '63.03.12', '63.03.12.2006', 'Mataraman'),
('63.03.12.2007', '63.03.12', '63.03.12.2007', 'Simpang Tiga'),
('63.03.12.2008', '63.03.12', '63.03.12.2008', 'Bawahan Selan'),
('63.03.12.2009', '63.03.12', '63.03.12.2009', 'Takuti'),
('63.03.12.2010', '63.03.12', '63.03.12.2010', 'Pasiraman'),
('63.03.12.2011', '63.03.12', '63.03.12.2011', 'Lok Tamu'),
('63.03.12.2012', '63.03.12', '63.03.12.2012', 'Sungai Jati'),
('63.03.12.2013', '63.03.12', '63.03.12.2013', 'Mangkalawat'),
('63.03.12.2014', '63.03.12', '63.03.12.2014', 'Gunung Ulin'),
('63.03.12.2015', '63.03.12', '63.03.12.2015', 'Tanah Abang'),
('63.03.13.2001', '63.03.13', '63.03.13.2001', 'Pindahan Baru'),
('63.03.13.2002', '63.03.13', '63.03.13.2002', 'Handil Purai'),
('63.03.13.2003', '63.03.13', '63.03.13.2003', 'Kampung Baru'),
('63.03.13.2004', '63.03.13', '63.03.13.2004', 'Lawahan'),
('63.03.13.2005', '63.03.13', '63.03.13.2005', 'Babirik'),
('63.03.13.2006', '63.03.13', '63.03.13.2006', 'Jambu Burung'),
('63.03.13.2007', '63.03.13', '63.03.13.2007', 'Tambak Padi'),
('63.03.13.2008', '63.03.13', '63.03.13.2008', 'Haur Kuning'),
('63.03.13.2009', '63.03.13', '63.03.13.2009', 'Jambu Raya'),
('63.03.13.2010', '63.03.13', '63.03.13.2010', 'Rumpiang'),
('63.03.13.2011', '63.03.13', '63.03.13.2011', 'Salat Makmur'),
('63.03.13.2012', '63.03.13', '63.03.13.2012', 'Muara Halayung'),
('63.03.14.2001', '63.03.14', '63.03.14.2001', 'Teluk Selong'),
('63.03.14.2002', '63.03.14', '63.03.14.2002', 'Sungai Batang'),
('63.03.14.2003', '63.03.14', '63.03.14.2003', 'Sungai Batang Ilir'),
('63.03.14.2004', '63.03.14', '63.03.14.2004', 'Sungai Ranggas'),
('63.03.14.2005', '63.03.14', '63.03.14.2005', 'Penggalaman'),
('63.03.14.2006', '63.03.14', '63.03.14.2006', 'Keliling Benteng Ulu'),
('63.03.14.2007', '63.03.14', '63.03.14.2007', 'Antasan Sutun'),
('63.03.14.2008', '63.03.14', '63.03.14.2008', 'Sungai Ranggas Ulu'),
('63.03.14.2009', '63.03.14', '63.03.14.2009', 'Sungai Ranggas Hambuku'),
('63.03.14.2010', '63.03.14', '63.03.14.2010', 'Keliling Benteng Tengah'),
('63.03.14.2011', '63.03.14', '63.03.14.2011', 'Teluk Selong Ulu'),
('63.03.14.2012', '63.03.14', '63.03.14.2012', 'Tangkas'),
('63.03.14.2013', '63.03.14', '63.03.14.2013', 'Sungai Ranggas Tengah'),
('63.03.15.2001', '63.03.15', '63.03.15.2001', 'Pekauman'),
('63.03.15.2002', '63.03.15', '63.03.15.2002', 'Keramat'),
('63.03.15.2003', '63.03.15', '63.03.15.2003', 'Antasan Senor'),
('63.03.15.2004', '63.03.15', '63.03.15.2004', 'Tambak Anyar'),
('63.03.15.2005', '63.03.15', '63.03.15.2005', 'Melayu'),
('63.03.15.2006', '63.03.15', '63.03.15.2006', 'Melayu Ilir'),
('63.03.15.2007', '63.03.15', '63.03.15.2007', 'Akar Begantung Ulu'),
('63.03.15.2008', '63.03.15', '63.03.15.2008', 'Dalam Pagar'),
('63.03.15.2009', '63.03.15', '63.03.15.2009', 'Tambak Anyar Ulu'),
('63.03.15.2010', '63.03.15', '63.03.15.2010', 'Pematang Baru'),
('63.03.15.2011', '63.03.15', '63.03.15.2011', 'Melayu Tengah'),
('63.03.15.2012', '63.03.15', '63.03.15.2012', 'Akar Baru'),
('63.03.15.2013', '63.03.15', '63.03.15.2013', 'Dalam Pagar Ulu'),
('63.03.15.2014', '63.03.15', '63.03.15.2014', 'Pekauman Ulu'),
('63.03.15.2015', '63.03.15', '63.03.15.2015', 'Mekar'),
('63.03.15.2016', '63.03.15', '63.03.15.2016', 'Tambak Anyar Ilir'),
('63.03.15.2017', '63.03.15', '63.03.15.2017', 'Sungai Kitano'),
('63.03.15.2018', '63.03.15', '63.03.15.2018', 'Keramat Baru'),
('63.03.15.2019', '63.03.15', '63.03.15.2019', 'Pekauman Dalam'),
('63.03.15.2020', '63.03.15', '63.03.15.2020', 'Antasan Senor Ilir'),
('63.03.16.2001', '63.03.16', '63.03.16.2001', 'Madurejo'),
('63.03.16.2002', '63.03.16', '63.03.16.2002', 'Baliangin'),
('63.03.16.2003', '63.03.16', '63.03.16.2003', 'Gunung Batu'),
('63.03.16.2004', '63.03.16', '63.03.16.2004', 'Batang Banyu'),
('63.03.16.2005', '63.03.16', '63.03.16.2005', 'Sungai Lurus'),
('63.03.16.2006', '63.03.16', '63.03.16.2006', 'Batu Tanam'),
('63.03.16.2007', '63.03.16', '63.03.16.2007', 'Pasar Baru'),
('63.03.17.2001', '63.03.17', '63.03.17.2001', 'Paramasan Atas'),
('63.03.17.2002', '63.03.17', '63.03.17.2002', 'Paramasan Bawah'),
('63.03.17.2003', '63.03.17', '63.03.17.2003', 'Remo'),
('63.03.17.2004', '63.03.17', '63.03.17.2004', 'Angkipih'),
('63.03.18.2001', '63.03.18', '63.03.18.2001', 'Rantau Bujur'),
('63.03.18.2002', '63.03.18', '63.03.18.2002', 'Lok Tanah'),
('63.03.18.2003', '63.03.18', '63.03.18.2003', 'Telaga Baru'),
('63.03.18.2004', '63.03.18', '63.03.18.2004', 'Rampah'),
('63.03.19.2001', '63.03.19', '63.03.19.2001', 'Tatah Bangkal'),
('63.03.19.2002', '63.03.19', '63.03.19.2002', 'Bangkal Tengah'),
('63.03.19.2003', '63.03.19', '63.03.19.2003', 'Layap Baru'),
('63.03.19.2004', '63.03.19', '63.03.19.2004', 'Tatah Layap'),
('63.03.19.2005', '63.03.19', '63.03.19.2005', 'Mekar Sari'),
('63.03.19.2006', '63.03.19', '63.03.19.2006', 'Pandan Sari'),
('63.03.19.2007', '63.03.19', '63.03.19.2007', 'Tampang Awang'),
('63.03.19.2008', '63.03.19', '63.03.19.2008', 'Pemangkih Darat'),
('63.03.19.2009', '63.03.19', '63.03.19.2009', 'Pemangkih Baru'),
('63.03.19.2010', '63.03.19', '63.03.19.2010', 'Pemangkih Tengah'),
('63.03.19.2011', '63.03.19', '63.03.19.2011', 'Tatah Jaruju'),
('63.03.19.2012', '63.03.19', '63.03.19.2012', 'Jaruju Laut'),
('63.03.19.2013', '63.03.19', '63.03.19.2013', 'Thaibah Raya'),
('63.03.20.2001', '63.03.20', '63.03.20.2001', 'Keramat Mina'),
('63.03.20.2002', '63.03.20', '63.03.20.2002', 'Garis Hanyar'),
('63.03.20.2003', '63.03.20', '63.03.20.2003', 'Cintapuri'),
('63.03.20.2004', '63.03.20', '63.03.20.2004', 'Surian Hanyar'),
('63.03.20.2005', '63.03.20', '63.03.20.2005', 'Benua Anyar'),
('63.03.20.2006', '63.03.20', '63.03.20.2006', 'Alalak Padang'),
('63.03.20.2007', '63.03.20', '63.03.20.2007', 'Makmur Karya'),
('63.03.20.2008', '63.03.20', '63.03.20.2008', 'Simpang Lima'),
('63.03.20.2009', '63.03.20', '63.03.20.2009', 'Karya Makmur'),
('63.03.20.2010', '63.03.20', '63.03.20.2010', 'Sindang Jaya'),
('63.03.20.2011', '63.03.20', '63.03.20.2011', 'Sumber Sari'),
('63.04.01.2001', '63.04.01', '63.04.01.2001', 'Kuala Lupak'),
('63.04.01.2002', '63.04.01', '63.04.01.2002', 'Sungai Telan Besar'),
('63.04.01.2003', '63.04.01', '63.04.01.2003', 'Sungai Telan Kecil'),
('63.04.01.2004', '63.04.01', '63.04.01.2004', 'Tabunganen Muara'),
('63.04.01.2005', '63.04.01', '63.04.01.2005', 'Tabunganen Tengah'),
('63.04.01.2006', '63.04.01', '63.04.01.2006', 'Karya Baru'),
('63.04.01.2007', '63.04.01', '63.04.01.2007', 'Tabunganen Perumus'),
('63.04.01.2008', '63.04.01', '63.04.01.2008', 'Sungai Teras Dalam'),
('63.04.01.2009', '63.04.01', '63.04.01.2009', 'Sungai Jingah Besar'),
('63.04.01.2010', '63.04.01', '63.04.01.2010', 'Tabunganen Kecil'),
('63.04.01.2011', '63.04.01', '63.04.01.2011', 'Sei Teras Luar'),
('63.04.01.2012', '63.04.01', '63.04.01.2012', 'Sei Telan Muara'),
('63.04.01.2013', '63.04.01', '63.04.01.2013', 'Beringin Kencana'),
('63.04.01.2014', '63.04.01', '63.04.01.2014', 'Tanggul Rejo'),
('63.04.02.2001', '63.04.02', '63.04.02.2001', 'Purwosari II'),
('63.04.02.2002', '63.04.02', '63.04.02.2002', 'Purwosari I'),
('63.04.02.2003', '63.04.02', '63.04.02.2003', 'Tamban Bangun'),
('63.04.02.2004', '63.04.02', '63.04.02.2004', 'Tamban Muara'),
('63.04.02.2005', '63.04.02', '63.04.02.2005', 'Tamban Kecil'),
('63.04.02.2006', '63.04.02', '63.04.02.2006', 'Tinggiran II Luar'),
('63.04.02.2007', '63.04.02', '63.04.02.2007', 'Jelapat I'),
('63.04.02.2008', '63.04.02', '63.04.02.2008', 'Tamban Muara Baru'),
('63.04.02.2009', '63.04.02', '63.04.02.2009', 'Purwosari Baru'),
('63.04.02.2010', '63.04.02', '63.04.02.2010', 'Sekata Baru'),
('63.04.02.2011', '63.04.02', '63.04.02.2011', 'Koanda'),
('63.04.02.2012', '63.04.02', '63.04.02.2012', 'Damsari'),
('63.04.02.2013', '63.04.02', '63.04.02.2013', 'Sidorejo'),
('63.04.02.2014', '63.04.02', '63.04.02.2014', 'Jelapat Baru'),
('63.04.02.2015', '63.04.02', '63.04.02.2015', 'Tamban Bangun Baru'),
('63.04.02.2016', '63.04.02', '63.04.02.2016', 'Tamban Sari Baru'),
('63.04.03.2001', '63.04.03', '63.04.03.2001', 'Andaman'),
('63.04.03.2002', '63.04.03', '63.04.03.2002', 'Hilir Mesjid'),
('63.04.03.2003', '63.04.03', '63.04.03.2003', 'Anjir Pasar Kota'),
('63.04.03.2004', '63.04.03', '63.04.03.2004', 'Banyiur'),
('63.04.03.2005', '63.04.03', '63.04.03.2005', 'Gandaraya'),
('63.04.03.2006', '63.04.03', '63.04.03.2006', 'Gandaria'),
('63.04.03.2007', '63.04.03', '63.04.03.2007', 'Anjir Pasar Kota II'),
('63.04.03.2008', '63.04.03', '63.04.03.2008', 'Andaman II'),
('63.04.03.2009', '63.04.03', '63.04.03.2009', 'Anjir Seberang Pasar II'),
('63.04.03.2010', '63.04.03', '63.04.03.2010', 'Anjir Seberang Pasar I'),
('63.04.03.2011', '63.04.03', '63.04.03.2011', 'Anjir Pasar Lama'),
('63.04.03.2012', '63.04.03', '63.04.03.2012', 'Pandan Sari'),
('63.04.03.2013', '63.04.03', '63.04.03.2013', 'Mentaren'),
('63.04.03.2014', '63.04.03', '63.04.03.2014', 'Barunai Baru'),
('63.04.03.2015', '63.04.03', '63.04.03.2015', 'Danau Karya'),
('63.04.04.2001', '63.04.04', '63.04.04.2001', 'Anjir Serapat Muara'),
('63.04.04.2002', '63.04.04', '63.04.04.2002', 'Anjir Muara Kota'),
('63.04.04.2003', '63.04.04', '63.04.04.2003', 'Patih Muhur'),
('63.04.04.2004', '63.04.04', '63.04.04.2004', 'Anjir Muara Kota Tengah'),
('63.04.04.2005', '63.04.04', '63.04.04.2005', 'Anjir Serapat Lama'),
('63.04.04.2006', '63.04.04', '63.04.04.2006', 'Anjir Serapat Baru'),
('63.04.04.2007', '63.04.04', '63.04.04.2007', 'Anjir Muara Lama'),
('63.04.04.2008', '63.04.04', '63.04.04.2008', 'Sungai Punggu'),
('63.04.04.2009', '63.04.04', '63.04.04.2009', 'Anjir Serapat Baru I'),
('63.04.04.2010', '63.04.04', '63.04.04.2010', 'Patih Muhur Baru'),
('63.04.04.2011', '63.04.04', '63.04.04.2011', 'Sei Punggu Baru'),
('63.04.04.2012', '63.04.04', '63.04.04.2012', 'Anjir Serapat Muara I'),
('63.04.04.2013', '63.04.04', '63.04.04.2013', 'Sepakat Barsama'),
('63.04.04.2014', '63.04.04', '63.04.04.2014', 'Marabahan Baru'),
('63.04.04.2015', '63.04.04', '63.04.04.2015', 'Beringin Jaya'),
('63.04.05.1001', '63.04.05', '63.04.05.1001', 'Berangas Barat'),
('63.04.05.1002', '63.04.05', '63.04.05.1002', 'Berangas'),
('63.04.05.1003', '63.04.05', '63.04.05.1003', 'Handil Bakti'),
('63.04.05.2004', '63.04.05', '63.04.05.2004', 'Pulau Alalak'),
('63.04.05.2005', '63.04.05', '63.04.05.2005', 'Pulau Sewangi'),
('63.04.05.2006', '63.04.05', '63.04.05.2006', 'Pulau Sugara'),
('63.04.05.2007', '63.04.05', '63.04.05.2007', 'Sungai Lumbah'),
('63.04.05.2008', '63.04.05', '63.04.05.2008', 'Berangas Timur'),
('63.04.05.2009', '63.04.05', '63.04.05.2009', 'Sei Semangat Bhakti'),
('63.04.05.2010', '63.04.05', '63.04.05.2010', 'Sungai Pitung'),
('63.04.05.2011', '63.04.05', '63.04.05.2011', 'Belandean Muara'),
('63.04.05.2012', '63.04.05', '63.04.05.2012', 'Belandean'),
('63.04.05.2013', '63.04.05', '63.04.05.2013', 'Tanjung Harapan'),
('63.04.05.2014', '63.04.05', '63.04.05.2014', 'Semangat Dalam'),
('63.04.05.2015', '63.04.05', '63.04.05.2015', 'Beringin'),
('63.04.05.2016', '63.04.05', '63.04.05.2016', 'Semangat Karya'),
('63.04.05.2017', '63.04.05', '63.04.05.2017', 'Panca Karya'),
('63.04.05.2018', '63.04.05', '63.04.05.2018', 'Tatah Mesjid'),
('63.04.06.2001', '63.04.06', '63.04.06.2001', 'Terantang'),
('63.04.06.2002', '63.04.06', '63.04.06.2002', 'Tanipah'),
('63.04.06.2003', '63.04.06', '63.04.06.2003', 'Puntik Luar'),
('63.04.06.2004', '63.04.06', '63.04.06.2004', 'Puntik Dalam'),
('63.04.06.2005', '63.04.06', '63.04.06.2005', 'Tabing Rimbah'),
('63.04.06.2006', '63.04.06', '63.04.06.2006', 'Pantai Hambawang'),
('63.04.06.2009', '63.04.06', '63.04.06.2009', 'Tatah Alayung'),
('63.04.06.2011', '63.04.06', '63.04.06.2011', 'Puntik Tengah'),
('63.04.06.2014', '63.04.06', '63.04.06.2014', 'Lokrawa'),
('63.04.06.2015', '63.04.06', '63.04.06.2015', 'Sei Ramania'),
('63.04.06.2016', '63.04.06', '63.04.06.2016', 'Bangkit Baru'),
('63.04.06.2017', '63.04.06', '63.04.06.2017', 'Antasan Segera'),
('63.04.06.2020', '63.04.06', '63.04.06.2020', 'Karang Bunga'),
('63.04.06.2021', '63.04.06', '63.04.06.2021', 'Karang Indah'),
('63.04.07.2001', '63.04.07', '63.04.07.2001', 'Sungai Pantai'),
('63.04.07.2002', '63.04.07', '63.04.07.2002', 'Pindahan Baru'),
('63.04.07.2003', '63.04.07', '63.04.07.2003', 'Sungai Gampa Asahi'),
('63.04.07.2004', '63.04.07', '63.04.07.2004', 'Sungai Gampa'),
('63.04.07.2005', '63.04.07', '63.04.07.2005', 'Sungai Sahurai'),
('63.04.07.2006', '63.04.07', '63.04.07.2006', 'Simpang Arya'),
('63.04.07.2007', '63.04.07', '63.04.07.2007', 'Sinar Baru'),
('63.04.07.2008', '63.04.07', '63.04.07.2008', 'Sungai Bamban'),
('63.04.07.2009', '63.04.07', '63.04.07.2009', 'Danda Jaya'),
('63.04.08.2001', '63.04.08', '63.04.08.2001', 'Murung Keramat'),
('63.04.08.2002', '63.04.08', '63.04.08.2002', 'Sungai Seluang'),
('63.04.08.2003', '63.04.08', '63.04.08.2003', 'Belawang'),
('63.04.08.2004', '63.04.08', '63.04.08.2004', 'Bambangin'),
('63.04.08.2005', '63.04.08', '63.04.08.2005', 'Sukaramai'),
('63.04.08.2006', '63.04.08', '63.04.08.2006', 'Sungai Seluang Pasar'),
('63.04.08.2007', '63.04.08', '63.04.08.2007', 'Samuda'),
('63.04.08.2008', '63.04.08', '63.04.08.2008', 'Parimata'),
('63.04.08.2009', '63.04.08', '63.04.08.2009', 'Karang Dukuh'),
('63.04.08.2010', '63.04.08', '63.04.08.2010', 'Patih Selera'),
('63.04.08.2011', '63.04.08', '63.04.08.2011', 'Karang Buah'),
('63.04.08.2012', '63.04.08', '63.04.08.2012', 'Binaan Baru'),
('63.04.08.2013', '63.04.08', '63.04.08.2013', 'Rangga Surya'),
('63.04.09.2001', '63.04.09', '63.04.09.2001', 'Sungai Kambat'),
('63.04.09.2002', '63.04.09', '63.04.09.2002', 'Sungai Rasau'),
('63.04.09.2003', '63.04.09', '63.04.09.2003', 'Simpang Nungki'),
('63.04.09.2004', '63.04.09', '63.04.09.2004', 'Sawahan'),
('63.04.09.2005', '63.04.09', '63.04.09.2005', 'Bantuil'),
('63.04.09.2006', '63.04.09', '63.04.09.2006', 'Badandan'),
('63.04.09.2007', '63.04.09', '63.04.09.2007', 'Sei Tunjang'),
('63.04.09.2008', '63.04.09', '63.04.09.2008', 'Sei Raya'),
('63.04.10.1001', '63.04.10', '63.04.10.1001', 'Lepasan'),
('63.04.10.2002', '63.04.10', '63.04.10.2002', 'Banua Anyar'),
('63.04.10.2003', '63.04.10', '63.04.10.2003', 'Murung Raya'),
('63.04.10.2004', '63.04.10', '63.04.10.2004', 'Palingkau'),
('63.04.10.2005', '63.04.10', '63.04.10.2005', 'Balukung'),
('63.04.10.2006', '63.04.10', '63.04.10.2006', 'Banitan'),
('63.04.10.2007', '63.04.10', '63.04.10.2007', 'Batik'),
('63.04.10.2008', '63.04.10', '63.04.10.2008', 'Bahalayung'),
('63.04.10.2009', '63.04.10', '63.04.10.2009', 'Sungai Selirik'),
('63.04.11.2001', '63.04.11', '63.04.11.2001', 'Jambu Baru'),
('63.04.11.2002', '63.04.11', '63.04.11.2002', 'Jambu'),
('63.04.11.2003', '63.04.11', '63.04.11.2003', 'Kabuau'),
('63.04.11.2004', '63.04.11', '63.04.11.2004', 'Jarenang'),
('63.04.11.2005', '63.04.11', '63.04.11.2005', 'Tabatan'),
('63.04.11.2006', '63.04.11', '63.04.11.2006', 'Kuripan'),
('63.04.11.2007', '63.04.11', '63.04.11.2007', 'Tabatan Baru'),
('63.04.11.2008', '63.04.11', '63.04.11.2008', 'Asia Baru'),
('63.04.11.2009', '63.04.11', '63.04.11.2009', 'Rimbun Tulang'),
('63.04.12.2001', '63.04.12', '63.04.12.2001', 'Pantang Raya'),
('63.04.12.2002', '63.04.12', '63.04.12.2002', 'Tabukan Raya'),
('63.04.12.2003', '63.04.12', '63.04.12.2003', 'Teluk Tamba'),
('63.04.12.2004', '63.04.12', '63.04.12.2004', 'Rantau Bamban'),
('63.04.12.2005', '63.04.12', '63.04.12.2005', 'Tamba Jaya'),
('63.04.12.2006', '63.04.12', '63.04.12.2006', 'Muara Pulau'),
('63.04.12.2007', '63.04.12', '63.04.12.2007', 'Karya Indah'),
('63.04.12.2008', '63.04.12', '63.04.12.2008', 'Bandar Karya'),
('63.04.12.2009', '63.04.12', '63.04.12.2009', 'Karya Makmur'),
('63.04.12.2010', '63.04.12', '63.04.12.2010', 'Karya Jadi'),
('63.04.12.2011', '63.04.12', '63.04.12.2011', 'Pantang Baru'),
('63.04.13.2001', '63.04.13', '63.04.13.2001', 'Mekarsari'),
('63.04.13.2002', '63.04.13', '63.04.13.2002', 'Tamban Raya'),
('63.04.13.2003', '63.04.13', '63.04.13.2003', 'Tinggiran Tengah'),
('63.04.13.2004', '63.04.13', '63.04.13.2004', 'Tinggiran Darat'),
('63.04.13.2005', '63.04.13', '63.04.13.2005', 'Jelapat II'),
('63.04.13.2006', '63.04.13', '63.04.13.2006', 'Tamban Raya Baru'),
('63.04.13.2007', '63.04.13', '63.04.13.2007', 'Tinggiran Baru'),
('63.04.13.2008', '63.04.13', '63.04.13.2008', 'Karang Mekar'),
('63.04.13.2009', '63.04.13', '63.04.13.2009', 'Indah Sari'),
('63.04.14.2001', '63.04.14', '63.04.14.2001', 'Barambai'),
('63.04.14.2002', '63.04.14', '63.04.14.2002', 'Sungai Kali'),
('63.04.14.2003', '63.04.14', '63.04.14.2003', 'Pendalaman'),
('63.04.14.2004', '63.04.14', '63.04.14.2004', 'Handil Barabai'),
('63.04.14.2005', '63.04.14', '63.04.14.2005', 'Bagagap'),
('63.04.14.2006', '63.04.14', '63.04.14.2006', 'Barambai Karya Tani'),
('63.04.14.2007', '63.04.14', '63.04.14.2007', 'Pendalaman Baru'),
('63.04.14.2008', '63.04.14', '63.04.14.2008', 'Karya Baru'),
('63.04.14.2009', '63.04.14', '63.04.14.2009', 'Barambai Kolam Kiri'),
('63.04.14.2010', '63.04.14', '63.04.14.2010', 'Barambai Kolam Kanan'),
('63.04.14.2011', '63.04.14', '63.04.14.2011', 'Barambai Kolam Kiri Dalam'),
('63.04.15.1001', '63.04.15', '63.04.15.1001', 'Marabahan Kota'),
('63.04.15.1002', '63.04.15', '63.04.15.1002', 'Ulu Benteng'),
('63.04.15.2003', '63.04.15', '63.04.15.2003', 'Penghulu'),
('63.04.15.2004', '63.04.15', '63.04.15.2004', 'Bagus'),
('63.04.15.2005', '63.04.15', '63.04.15.2005', 'Baliuk'),
('63.04.15.2006', '63.04.15', '63.04.15.2006', 'Antar Baru'),
('63.04.15.2007', '63.04.15', '63.04.15.2007', 'Antar Jaya'),
('63.04.15.2008', '63.04.15', '63.04.15.2008', 'Antar Raya'),
('63.04.15.2009', '63.04.15', '63.04.15.2009', 'Sido Makmur'),
('63.04.15.2010', '63.04.15', '63.04.15.2010', 'Karya Maju'),
('63.04.16.2001', '63.04.16', '63.04.16.2001', 'Kolam Kiri'),
('63.04.16.2002', '63.04.16', '63.04.16.2002', 'Roham Raya'),
('63.04.16.2003', '63.04.16', '63.04.16.2003', 'Simpang Jaya'),
('63.04.16.2004', '63.04.16', '63.04.16.2004', 'Tumih');
INSERT INTO `kelurahan` (`id`, `id_kecamatan`, `kode`, `nama`) VALUES
('63.04.16.2005', '63.04.16', '63.04.16.2005', 'Pinang Habang'),
('63.04.16.2006', '63.04.16', '63.04.16.2006', 'Waringin Kencana'),
('63.04.16.2007', '63.04.16', '63.04.16.2007', 'Babat Raya'),
('63.04.16.2008', '63.04.16', '63.04.16.2008', 'Kolam Kanan'),
('63.04.16.2009', '63.04.16', '63.04.16.2009', 'Sidomulyo'),
('63.04.16.2010', '63.04.16', '63.04.16.2010', 'Kolam Makmur'),
('63.04.16.2011', '63.04.16', '63.04.16.2011', 'Surya Kanta'),
('63.04.16.2012', '63.04.16', '63.04.16.2012', 'Sumber Rahayu'),
('63.04.16.2013', '63.04.16', '63.04.16.2013', 'Dwipasari'),
('63.04.17.2001', '63.04.17', '63.04.17.2001', 'Sampurna'),
('63.04.17.2002', '63.04.17', '63.04.17.2002', 'Jejangkit Barat'),
('63.04.17.2003', '63.04.17', '63.04.17.2003', 'Bahandang'),
('63.04.17.2004', '63.04.17', '63.04.17.2004', 'Jejangkit Timur'),
('63.04.17.2005', '63.04.17', '63.04.17.2005', 'Cahaya Baru'),
('63.04.17.2006', '63.04.17', '63.04.17.2006', 'Jejangkit Pasar'),
('63.04.17.2007', '63.04.17', '63.04.17.2007', 'Jejangkit Muara'),
('63.05.01.1001', '63.05.01', '63.05.01.1001', 'Binuang'),
('63.05.01.1017', '63.05.01', '63.05.01.1017', 'Karang Putih'),
('63.05.01.1018', '63.05.01', '63.05.01.1018', 'Raya Belanti'),
('63.05.01.2003', '63.05.01', '63.05.01.2003', 'Tungkap'),
('63.05.01.2006', '63.05.01', '63.05.01.2006', 'A. Yani Pura'),
('63.05.01.2007', '63.05.01', '63.05.01.2007', 'Pulaupinang'),
('63.05.01.2008', '63.05.01', '63.05.01.2008', 'Pualam Sari'),
('63.05.01.2009', '63.05.01', '63.05.01.2009', 'Gunungbatu'),
('63.05.01.2012', '63.05.01', '63.05.01.2012', 'Pulaupinang Utara'),
('63.05.01.2016', '63.05.01', '63.05.01.2016', 'Padang Sari'),
('63.05.01.2019', '63.05.01', '63.05.01.2019', 'Mekarsari'),
('63.05.02.1004', '63.05.02', '63.05.02.1004', 'Tambarangan'),
('63.05.02.2001', '63.05.02', '63.05.02.2001', 'Tatakan'),
('63.05.02.2002', '63.05.02', '63.05.02.2002', 'Suato Tatakan'),
('63.05.02.2005', '63.05.02', '63.05.02.2005', 'Sawang'),
('63.05.02.2006', '63.05.02', '63.05.02.2006', 'Lawahan'),
('63.05.02.2007', '63.05.02', '63.05.02.2007', 'Timbaan'),
('63.05.02.2009', '63.05.02', '63.05.02.2009', 'Rumintin'),
('63.05.02.2011', '63.05.02', '63.05.02.2011', 'Cempaka'),
('63.05.02.2012', '63.05.02', '63.05.02.2012', 'Harapan Masa'),
('63.05.02.2016', '63.05.02', '63.05.02.2016', 'Tandui'),
('63.05.02.2017', '63.05.02', '63.05.02.2017', 'Hatiwin'),
('63.05.03.2001', '63.05.03', '63.05.03.2001', 'Pandulangan'),
('63.05.03.2002', '63.05.03', '63.05.03.2002', 'Labung'),
('63.05.03.2003', '63.05.03', '63.05.03.2003', 'Mandurian'),
('63.05.03.2004', '63.05.03', '63.05.03.2004', 'Serawi'),
('63.05.03.2005', '63.05.03', '63.05.03.2005', 'Pematang Karangan Hulu'),
('63.05.03.2006', '63.05.03', '63.05.03.2006', 'Pematang Karangan'),
('63.05.03.2007', '63.05.03', '63.05.03.2007', 'Pandahan'),
('63.05.03.2008', '63.05.03', '63.05.03.2008', 'Pematang Karangan Hilir'),
('63.05.03.2009', '63.05.03', '63.05.03.2009', 'Hiyung'),
('63.05.03.2010', '63.05.03', '63.05.03.2010', 'Andhika'),
('63.05.03.2011', '63.05.03', '63.05.03.2011', 'Sukaramai'),
('63.05.03.2012', '63.05.03', '63.05.03.2012', 'Tirik'),
('63.05.03.2013', '63.05.03', '63.05.03.2013', 'Kepayang'),
('63.05.03.2014', '63.05.03', '63.05.03.2014', 'Batang Lantik'),
('63.05.03.2015', '63.05.03', '63.05.03.2015', 'Mandurian Hilir'),
('63.05.03.2016', '63.05.03', '63.05.03.2016', 'Sungai Bahalang'),
('63.05.03.2017', '63.05.03', '63.05.03.2017', 'Papagan Makmur'),
('63.05.04.1001', '63.05.04', '63.05.04.1001', 'Rangda Malingkung'),
('63.05.04.1002', '63.05.04', '63.05.04.1002', 'Kupang'),
('63.05.04.1003', '63.05.04', '63.05.04.1003', 'Rantau Kanan'),
('63.05.04.1004', '63.05.04', '63.05.04.1004', 'Rantau Kiwa'),
('63.05.04.2005', '63.05.04', '63.05.04.2005', 'Keramat'),
('63.05.04.2006', '63.05.04', '63.05.04.2006', 'Antasari'),
('63.05.04.2007', '63.05.04', '63.05.04.2007', 'Jingah Babaris'),
('63.05.04.2008', '63.05.04', '63.05.04.2008', 'Banua Hanyar'),
('63.05.04.2009', '63.05.04', '63.05.04.2009', 'Banua Halat Kiri'),
('63.05.04.2010', '63.05.04', '63.05.04.2010', 'Banua Halat Kanan'),
('63.05.04.2011', '63.05.04', '63.05.04.2011', 'Perintis Raya'),
('63.05.04.2012', '63.05.04', '63.05.04.2012', 'Kakaran'),
('63.05.04.2013', '63.05.04', '63.05.04.2013', 'Antasan Hilir'),
('63.05.04.2014', '63.05.04', '63.05.04.2014', 'Lumbu Raya'),
('63.05.04.2015', '63.05.04', '63.05.04.2015', 'Banua Halar Hulu'),
('63.05.04.2016', '63.05.04', '63.05.04.2016', 'Badaun'),
('63.05.05.2001', '63.05.05', '63.05.05.2001', 'Margasari Hulu'),
('63.05.05.2002', '63.05.05', '63.05.05.2002', 'Candi Laras'),
('63.05.05.2003', '63.05.05', '63.05.05.2003', 'Baringin A.'),
('63.05.05.2004', '63.05.05', '63.05.05.2004', 'Marampiau'),
('63.05.05.2005', '63.05.05', '63.05.05.2005', 'Pabaungan Hilir'),
('63.05.05.2006', '63.05.05', '63.05.05.2006', 'Pabaungan Hulu'),
('63.05.05.2007', '63.05.05', '63.05.05.2007', 'Sungai Rutas'),
('63.05.05.2008', '63.05.05', '63.05.05.2008', 'Baringin B'),
('63.05.05.2009', '63.05.05', '63.05.05.2009', 'Marampiau Hilir'),
('63.05.05.2010', '63.05.05', '63.05.05.2010', 'Sungai Rutas Hulu'),
('63.05.05.2011', '63.05.05', '63.05.05.2011', 'Baulin'),
('63.05.05.2012', '63.05.05', '63.05.05.2012', 'Pabaungan Pantai'),
('63.05.06.2001', '63.05.06', '63.05.06.2001', 'Keladan'),
('63.05.06.2002', '63.05.06', '63.05.06.2002', 'Sungai Selai'),
('63.05.06.2003', '63.05.06', '63.05.06.2003', 'Pariok'),
('63.05.06.2004', '63.05.06', '63.05.06.2004', 'Margasari Hilir'),
('63.05.06.2005', '63.05.06', '63.05.06.2005', 'Batalas'),
('63.05.06.2006', '63.05.06', '63.05.06.2006', 'Rawana'),
('63.05.06.2007', '63.05.06', '63.05.06.2007', 'Buas-buas'),
('63.05.06.2008', '63.05.06', '63.05.06.2008', 'Teluk Haur'),
('63.05.06.2009', '63.05.06', '63.05.06.2009', 'Sungai Puting'),
('63.05.06.2010', '63.05.06', '63.05.06.2010', 'Sawaja'),
('63.05.06.2011', '63.05.06', '63.05.06.2011', 'Sungai Selai Hilir'),
('63.05.06.2012', '63.05.06', '63.05.06.2012', 'Buas-buas Hilir'),
('63.05.06.2013', '63.05.06', '63.05.06.2013', 'Rawana Hulu'),
('63.05.07.2001', '63.05.07', '63.05.07.2001', 'Parigi Kecil'),
('63.05.07.2002', '63.05.07', '63.05.07.2002', 'Bakarangan'),
('63.05.07.2003', '63.05.07', '63.05.07.2003', 'Parigi'),
('63.05.07.2004', '63.05.07', '63.05.07.2004', 'Paul'),
('63.05.07.2005', '63.05.07', '63.05.07.2005', 'Gadung'),
('63.05.07.2006', '63.05.07', '63.05.07.2006', 'Bundung'),
('63.05.07.2007', '63.05.07', '63.05.07.2007', 'Tangkawang'),
('63.05.07.2008', '63.05.07', '63.05.07.2008', 'Waringin'),
('63.05.07.2009', '63.05.07', '63.05.07.2009', 'Gadung Keramat'),
('63.05.07.2010', '63.05.07', '63.05.07.2010', 'Masta'),
('63.05.07.2011', '63.05.07', '63.05.07.2011', 'Ketapang'),
('63.05.07.2012', '63.05.07', '63.05.07.2012', 'Tangkawang Baru'),
('63.05.08.2001', '63.05.08', '63.05.08.2001', 'Pipitak Jaya'),
('63.05.08.2002', '63.05.08', '63.05.08.2002', 'Miawa'),
('63.05.08.2003', '63.05.08', '63.05.08.2003', 'Batu Ampar'),
('63.05.08.2004', '63.05.08', '63.05.08.2004', 'Harakit'),
('63.05.08.2005', '63.05.08', '63.05.08.2005', 'Batung'),
('63.05.08.2006', '63.05.08', '63.05.08.2006', 'Balawaian'),
('63.05.08.2007', '63.05.08', '63.05.08.2007', 'Baramban'),
('63.05.08.2008', '63.05.08', '63.05.08.2008', 'Buniin Jaya'),
('63.05.09.2001', '63.05.09', '63.05.09.2001', 'Kalumpang'),
('63.05.09.2002', '63.05.09', '63.05.09.2002', 'Banua Padang'),
('63.05.09.2003', '63.05.09', '63.05.09.2003', 'Bungur'),
('63.05.09.2004', '63.05.09', '63.05.09.2004', 'Banua Padang Hilir'),
('63.05.09.2005', '63.05.09', '63.05.09.2005', 'Shabah'),
('63.05.09.2006', '63.05.09', '63.05.09.2006', 'Hangui'),
('63.05.09.2007', '63.05.09', '63.05.09.2007', 'Rantau Bujur'),
('63.05.09.2008', '63.05.09', '63.05.09.2008', 'Purut'),
('63.05.09.2009', '63.05.09', '63.05.09.2009', 'Bungur Baru'),
('63.05.09.2010', '63.05.09', '63.05.09.2010', 'Timbung'),
('63.05.09.2011', '63.05.09', '63.05.09.2011', 'Paring Guling'),
('63.05.09.2012', '63.05.09', '63.05.09.2012', 'Linuh'),
('63.05.10.1007', '63.05.10', '63.05.10.1007', 'Bitahan'),
('63.05.10.2001', '63.05.10', '63.05.10.2001', 'Binderang'),
('63.05.10.2002', '63.05.10', '63.05.10.2002', 'Parandakan'),
('63.05.10.2003', '63.05.10', '63.05.10.2003', 'Lokpaikat'),
('63.05.10.2004', '63.05.10', '63.05.10.2004', 'Bataratat'),
('63.05.10.2005', '63.05.10', '63.05.10.2005', 'Bitahan Baru'),
('63.05.10.2006', '63.05.10', '63.05.10.2006', 'Puncak Harapan'),
('63.05.10.2008', '63.05.10', '63.05.10.2008', 'Budi Mulya'),
('63.05.10.2009', '63.05.10', '63.05.10.2009', 'Ayunan Papan'),
('63.05.11.2001', '63.05.11', '63.05.11.2001', 'Salam Babaris'),
('63.05.11.2002', '63.05.11', '63.05.11.2002', 'Suato Lama'),
('63.05.11.2003', '63.05.11', '63.05.11.2003', 'Kambang Habang Lama'),
('63.05.11.2004', '63.05.11', '63.05.11.2004', 'Pantai Cabe'),
('63.05.11.2005', '63.05.11', '63.05.11.2005', 'Suato Baru'),
('63.05.11.2006', '63.05.11', '63.05.11.2006', 'Kambang Habang Baru'),
('63.05.12.2001', '63.05.12', '63.05.12.2001', 'Tarungin'),
('63.05.12.2002', '63.05.12', '63.05.12.2002', 'Matang Batas'),
('63.05.12.2003', '63.05.12', '63.05.12.2003', 'Hatungun'),
('63.05.12.2004', '63.05.12', '63.05.12.2004', 'Burakai'),
('63.05.12.2005', '63.05.12', '63.05.12.2005', 'Batu Hapu'),
('63.05.12.2006', '63.05.12', '63.05.12.2006', 'Kambang Kuning'),
('63.05.12.2007', '63.05.12', '63.05.12.2007', 'Asam Randah'),
('63.05.12.2008', '63.05.12', '63.05.12.2008', 'Bagak'),
('63.06.01.2001', '63.06.01', '63.06.01.2001', 'Hamalau'),
('63.06.01.2002', '63.06.01', '63.06.01.2002', 'Telaga Bidadari'),
('63.06.01.2003', '63.06.01', '63.06.01.2003', 'Karasikan'),
('63.06.01.2004', '63.06.01', '63.06.01.2004', 'Sungai Raya Utara'),
('63.06.01.2005', '63.06.01', '63.06.01.2005', 'Sungai Raya Selatan'),
('63.06.01.2006', '63.06.01', '63.06.01.2006', 'Hariti'),
('63.06.01.2007', '63.06.01', '63.06.01.2007', 'Ida Manggala'),
('63.06.01.2008', '63.06.01', '63.06.01.2008', 'Bumi Berkat'),
('63.06.01.2009', '63.06.01', '63.06.01.2009', 'Batang Kulur Kiri'),
('63.06.01.2010', '63.06.01', '63.06.01.2010', 'Batang Kulur Tengah'),
('63.06.01.2011', '63.06.01', '63.06.01.2011', 'Batang Kulur Kanan'),
('63.06.01.2012', '63.06.01', '63.06.01.2012', 'Baru'),
('63.06.01.2013', '63.06.01', '63.06.01.2013', 'Tamiyang'),
('63.06.01.2014', '63.06.01', '63.06.01.2014', 'Asam'),
('63.06.01.2015', '63.06.01', '63.06.01.2015', 'Sungai Kali'),
('63.06.01.2016', '63.06.01', '63.06.01.2016', 'Sarang Halang'),
('63.06.01.2017', '63.06.01', '63.06.01.2017', 'Paring Agung'),
('63.06.01.2018', '63.06.01', '63.06.01.2018', 'Tanah Bangkang'),
('63.06.02.2001', '63.06.02', '63.06.02.2001', 'Karang Jawa Muka'),
('63.06.02.2002', '63.06.02', '63.06.02.2002', 'Karang Jawa'),
('63.06.02.2003', '63.06.02', '63.06.02.2003', 'Tabihi'),
('63.06.02.2004', '63.06.02', '63.06.02.2004', 'Pandulangan'),
('63.06.02.2005', '63.06.02', '63.06.02.2005', 'Kaliring'),
('63.06.02.2006', '63.06.02', '63.06.02.2006', 'Jambu Hulu'),
('63.06.02.2007', '63.06.02', '63.06.02.2007', 'Pahampangan'),
('63.06.02.2008', '63.06.02', '63.06.02.2008', 'Padang Batung'),
('63.06.02.2009', '63.06.02', '63.06.02.2009', 'Jembatan Merah'),
('63.06.02.2010', '63.06.02', '63.06.02.2010', 'Batu Bini'),
('63.06.02.2011', '63.06.02', '63.06.02.2011', 'Mawangi'),
('63.06.02.2012', '63.06.02', '63.06.02.2012', 'Madang'),
('63.06.02.2013', '63.06.02', '63.06.02.2013', 'Durian Rabung'),
('63.06.02.2014', '63.06.02', '63.06.02.2014', 'Jelatang'),
('63.06.02.2015', '63.06.02', '63.06.02.2015', 'Batu Laki'),
('63.06.02.2016', '63.06.02', '63.06.02.2016', 'Malutu'),
('63.06.02.2017', '63.06.02', '63.06.02.2017', 'Malilingin'),
('63.06.03.2001', '63.06.03', '63.06.03.2001', 'Lok Binuang'),
('63.06.03.2002', '63.06.03', '63.06.03.2002', 'Telaga Langsat'),
('63.06.03.2003', '63.06.03', '63.06.03.2003', 'Mandala'),
('63.06.03.2004', '63.06.03', '63.06.03.2004', 'Ambutun'),
('63.06.03.2005', '63.06.03', '63.06.03.2005', 'Hamak'),
('63.06.03.2006', '63.06.03', '63.06.03.2006', 'Hamak Timur'),
('63.06.03.2007', '63.06.03', '63.06.03.2007', 'Hamak Utara'),
('63.06.03.2008', '63.06.03', '63.06.03.2008', 'Pakuan Timur'),
('63.06.03.2009', '63.06.03', '63.06.03.2009', 'Gumbil'),
('63.06.03.2010', '63.06.03', '63.06.03.2010', 'Longawang'),
('63.06.03.2011', '63.06.03', '63.06.03.2011', 'Pandulangan'),
('63.06.04.2001', '63.06.04', '63.06.04.2001', 'Bamban Utara'),
('63.06.04.2002', '63.06.04', '63.06.04.2002', 'Bamban'),
('63.06.04.2003', '63.06.04', '63.06.04.2003', 'Bamban Selatan'),
('63.06.04.2004', '63.06.04', '63.06.04.2004', 'Kayu Abang'),
('63.06.04.2005', '63.06.04', '63.06.04.2005', 'Angkinang'),
('63.06.04.2006', '63.06.04', '63.06.04.2006', 'Telaga Sili-Sili'),
('63.06.04.2007', '63.06.04', '63.06.04.2007', 'Angkinang Selatan'),
('63.06.04.2008', '63.06.04', '63.06.04.2008', 'Tawia'),
('63.06.04.2009', '63.06.04', '63.06.04.2009', 'Taniran Kubah'),
('63.06.04.2010', '63.06.04', '63.06.04.2010', 'Taniran Selatan'),
('63.06.04.2011', '63.06.04', '63.06.04.2011', 'Bakarung'),
('63.06.05.1001', '63.06.05', '63.06.05.1001', 'Kandangan Kota'),
('63.06.05.1002', '63.06.05', '63.06.05.1002', 'Kandangan Utara'),
('63.06.05.1003', '63.06.05', '63.06.05.1003', 'Kandangan Barat'),
('63.06.05.1004', '63.06.05', '63.06.05.1004', 'Jambu Hilir'),
('63.06.05.2005', '63.06.05', '63.06.05.2005', 'Gambah Luar'),
('63.06.05.2006', '63.06.05', '63.06.05.2006', 'Gambah Luar Muka'),
('63.06.05.2007', '63.06.05', '63.06.05.2007', 'Gambah Dalam'),
('63.06.05.2008', '63.06.05', '63.06.05.2008', 'Gambah Dalam Barat'),
('63.06.05.2009', '63.06.05', '63.06.05.2009', 'Sungai Kupang'),
('63.06.05.2010', '63.06.05', '63.06.05.2010', 'Bangkau'),
('63.06.05.2011', '63.06.05', '63.06.05.2011', 'Lungau'),
('63.06.05.2012', '63.06.05', '63.06.05.2012', 'Sungai Paring'),
('63.06.05.2013', '63.06.05', '63.06.05.2013', 'Bariang'),
('63.06.05.2014', '63.06.05', '63.06.05.2014', 'Amawang Kiri'),
('63.06.05.2015', '63.06.05', '63.06.05.2015', 'Amawang Kiri Muka'),
('63.06.05.2016', '63.06.05', '63.06.05.2016', 'Amawang Kanan'),
('63.06.05.2017', '63.06.05', '63.06.05.2017', 'Tibung Raya'),
('63.06.05.2018', '63.06.05', '63.06.05.2018', 'Baluti'),
('63.06.06.2001', '63.06.06', '63.06.06.2001', 'Tebing Tinggi'),
('63.06.06.2002', '63.06.06', '63.06.06.2002', 'Simpur'),
('63.06.06.2003', '63.06.06', '63.06.06.2003', 'Garunggang'),
('63.06.06.2004', '63.06.06', '63.06.06.2004', 'Amparaya'),
('63.06.06.2005', '63.06.06', '63.06.06.2005', 'Panjampang Bahagia'),
('63.06.06.2006', '63.06.06', '63.06.06.2006', 'Ulin'),
('63.06.06.2007', '63.06.06', '63.06.06.2007', 'Pantai Ulin'),
('63.06.06.2008', '63.06.06', '63.06.06.2008', 'Wasah Hulu'),
('63.06.06.2009', '63.06.06', '63.06.06.2009', 'Wasah Tengah'),
('63.06.06.2010', '63.06.06', '63.06.06.2010', 'Wasah Hilir'),
('63.06.06.2011', '63.06.06', '63.06.06.2011', 'Kapuh'),
('63.06.07.2001', '63.06.07', '63.06.07.2001', 'Muning Baru'),
('63.06.07.2002', '63.06.07', '63.06.07.2002', 'Muning Dalam'),
('63.06.07.2003', '63.06.07', '63.06.07.2003', 'Muning Tengah'),
('63.06.07.2004', '63.06.07', '63.06.07.2004', 'Banjarbaru'),
('63.06.07.2005', '63.06.07', '63.06.07.2005', 'Bayanan'),
('63.06.07.2006', '63.06.07', '63.06.07.2006', 'Pandan Sari'),
('63.06.07.2007', '63.06.07', '63.06.07.2007', 'Pihanin Raya'),
('63.06.07.2008', '63.06.07', '63.06.07.2008', 'Tumbukan Banyu'),
('63.06.07.2009', '63.06.07', '63.06.07.2009', 'Sungai Pinang'),
('63.06.07.2010', '63.06.07', '63.06.07.2010', 'Habirau'),
('63.06.07.2011', '63.06.07', '63.06.07.2011', 'Habirau Tengah'),
('63.06.07.2012', '63.06.07', '63.06.07.2012', 'Parigi'),
('63.06.07.2013', '63.06.07', '63.06.07.2013', 'Banua Hanyar'),
('63.06.07.2014', '63.06.07', '63.06.07.2014', 'Tambangan'),
('63.06.07.2015', '63.06.07', '63.06.07.2015', 'Baruh Jaya'),
('63.06.07.2016', '63.06.07', '63.06.07.2016', 'Samuda'),
('63.06.08.2001', '63.06.08', '63.06.08.2001', 'Pakapuran Kecil'),
('63.06.08.2002', '63.06.08', '63.06.08.2002', 'Panggandingan'),
('63.06.08.2003', '63.06.08', '63.06.08.2003', 'Tambak Bitin'),
('63.06.08.2004', '63.06.08', '63.06.08.2004', 'Pakan Dalam'),
('63.06.08.2005', '63.06.08', '63.06.08.2005', 'Paramaian'),
('63.06.08.2006', '63.06.08', '63.06.08.2006', 'Pandak Daun'),
('63.06.08.2007', '63.06.08', '63.06.08.2007', 'Murung Raya'),
('63.06.08.2008', '63.06.08', '63.06.08.2008', 'Balah Paikat'),
('63.06.08.2009', '63.06.08', '63.06.08.2009', 'Sungai Garuda'),
('63.06.08.2010', '63.06.08', '63.06.08.2010', 'Sungai Mandala'),
('63.06.08.2011', '63.06.08', '63.06.08.2011', 'Mdl. Murung Mesjid'),
('63.06.08.2012', '63.06.08', '63.06.08.2012', 'Baruh Kembang'),
('63.06.08.2013', '63.06.08', '63.06.08.2013', 'Teluk Haur'),
('63.06.08.2014', '63.06.08', '63.06.08.2014', 'Pasungkan'),
('63.06.08.2015', '63.06.08', '63.06.08.2015', 'Teluk Kabak'),
('63.06.08.2016', '63.06.08', '63.06.08.2016', 'Hamayung'),
('63.06.08.2017', '63.06.08', '63.06.08.2017', 'Hamayung Utara'),
('63.06.08.2018', '63.06.08', '63.06.08.2018', 'Paharangan'),
('63.06.08.2019', '63.06.08', '63.06.08.2019', 'Hakurung'),
('63.06.09.2001', '63.06.09', '63.06.09.2001', 'Balimau'),
('63.06.09.2002', '63.06.09', '63.06.09.2002', 'Karang Paci'),
('63.06.09.2003', '63.06.09', '63.06.09.2003', 'Bago Tanggul'),
('63.06.09.2004', '63.06.09', '63.06.09.2004', 'Karang Bulan'),
('63.06.09.2005', '63.06.09', '63.06.09.2005', 'Balanti'),
('63.06.09.2006', '63.06.09', '63.06.09.2006', 'Kalumpang'),
('63.06.09.2007', '63.06.09', '63.06.09.2007', 'Tambingkar'),
('63.06.09.2008', '63.06.09', '63.06.09.2008', 'Sirih'),
('63.06.09.2009', '63.06.09', '63.06.09.2009', 'Sirih Hulu'),
('63.06.10.2001', '63.06.10', '63.06.10.2001', 'Halunuk'),
('63.06.10.2002', '63.06.10', '63.06.10.2002', 'Panggungan'),
('63.06.10.2003', '63.06.10', '63.06.10.2003', 'Lumpangi'),
('63.06.10.2004', '63.06.10', '63.06.10.2004', 'Malinau'),
('63.06.10.2005', '63.06.10', '63.06.10.2005', 'Hulu Banyu'),
('63.06.10.2006', '63.06.10', '63.06.10.2006', 'Tumingki'),
('63.06.10.2007', '63.06.10', '63.06.10.2007', 'Kamawakan'),
('63.06.10.2008', '63.06.10', '63.06.10.2008', 'Lok Lahung'),
('63.06.10.2009', '63.06.10', '63.06.10.2009', 'Loksado'),
('63.06.10.2010', '63.06.10', '63.06.10.2010', 'Haratai'),
('63.06.10.2011', '63.06.10', '63.06.10.2011', 'Ulang'),
('63.06.11.2001', '63.06.11', '63.06.11.2001', 'Siang Gantung'),
('63.06.11.2002', '63.06.11', '63.06.11.2002', 'Baru'),
('63.06.11.2003', '63.06.11', '63.06.11.2003', 'Tanjung Selor'),
('63.06.11.2004', '63.06.11', '63.06.11.2004', 'Badaun'),
('63.06.11.2005', '63.06.11', '63.06.11.2005', 'Bajayau'),
('63.06.11.2006', '63.06.11', '63.06.11.2006', 'Bajayau Tengah'),
('63.06.11.2007', '63.06.11', '63.06.11.2007', 'Bajayau Lama'),
('63.07.01.2001', '63.07.01', '63.07.01.2001', 'Pengambau Hilir Luar'),
('63.07.01.2002', '63.07.01', '63.07.01.2002', 'Panggung'),
('63.07.01.2003', '63.07.01', '63.07.01.2003', 'Barikin'),
('63.07.01.2004', '63.07.01', '63.07.01.2004', 'Andang'),
('63.07.01.2005', '63.07.01', '63.07.01.2005', 'Pengambau Hilir Dalam'),
('63.07.01.2006', '63.07.01', '63.07.01.2006', 'Haruyan'),
('63.07.01.2007', '63.07.01', '63.07.01.2007', 'Haruyan Seberang'),
('63.07.01.2008', '63.07.01', '63.07.01.2008', 'Pengambau Hulu'),
('63.07.01.2009', '63.07.01', '63.07.01.2009', 'Sungai Harang'),
('63.07.01.2010', '63.07.01', '63.07.01.2010', 'Batu Panggung'),
('63.07.01.2011', '63.07.01', '63.07.01.2011', 'Mangunang'),
('63.07.01.2012', '63.07.01', '63.07.01.2012', 'Hapulang'),
('63.07.01.2013', '63.07.01', '63.07.01.2013', 'Lok Buntar'),
('63.07.01.2014', '63.07.01', '63.07.01.2014', 'Tabat Padang'),
('63.07.01.2015', '63.07.01', '63.07.01.2015', 'Mangunang Seberang'),
('63.07.01.2016', '63.07.01', '63.07.01.2016', 'Pandanu'),
('63.07.01.2017', '63.07.01', '63.07.01.2017', 'Teluk Mesjid'),
('63.07.02.2001', '63.07.02', '63.07.02.2001', 'Murung A.'),
('63.07.02.2002', '63.07.02', '63.07.02.2002', 'Pagat'),
('63.07.02.2003', '63.07.02', '63.07.02.2003', 'Kalibaru'),
('63.07.02.2004', '63.07.02', '63.07.02.2004', 'Kahakan'),
('63.07.02.2005', '63.07.02', '63.07.02.2005', 'Aluan Sumur'),
('63.07.02.2006', '63.07.02', '63.07.02.2006', 'Aluan Besar'),
('63.07.02.2007', '63.07.02', '63.07.02.2007', 'Paya Besar'),
('63.07.02.2008', '63.07.02', '63.07.02.2008', 'Bakti'),
('63.07.02.2009', '63.07.02', '63.07.02.2009', 'Aluan'),
('63.07.02.2010', '63.07.02', '63.07.02.2010', 'Aluan Mati'),
('63.07.02.2011', '63.07.02', '63.07.02.2011', 'Baru'),
('63.07.02.2013', '63.07.02', '63.07.02.2013', 'Pantai Batung'),
('63.07.02.2014', '63.07.02', '63.07.02.2014', 'Layuh'),
('63.07.02.2015', '63.07.02', '63.07.02.2015', 'Haliau'),
('63.07.03.1001', '63.07.03', '63.07.03.1001', 'Pantai Hambawang Barat'),
('63.07.03.2002', '63.07.03', '63.07.03.2002', 'Mahang Baru'),
('63.07.03.2003', '63.07.03', '63.07.03.2003', 'Mundar'),
('63.07.03.2004', '63.07.03', '63.07.03.2004', 'Tabudarat Hilir'),
('63.07.03.2005', '63.07.03', '63.07.03.2005', 'Tabudarat Hulu'),
('63.07.03.2006', '63.07.03', '63.07.03.2006', 'Pantai Hambawang Timur'),
('63.07.03.2007', '63.07.03', '63.07.03.2007', 'Banua Kepayang'),
('63.07.03.2008', '63.07.03', '63.07.03.2008', 'Ta\'al'),
('63.07.03.2009', '63.07.03', '63.07.03.2009', 'Durian Gantang'),
('63.07.03.2010', '63.07.03', '63.07.03.2010', 'Guha'),
('63.07.03.2011', '63.07.03', '63.07.03.2011', 'Bangkal'),
('63.07.03.2012', '63.07.03', '63.07.03.2012', 'Panggang Marak'),
('63.07.03.2013', '63.07.03', '63.07.03.2013', 'Jamil'),
('63.07.03.2014', '63.07.03', '63.07.03.2014', 'Taras Padang'),
('63.07.03.2015', '63.07.03', '63.07.03.2015', 'Murung Ta\'al'),
('63.07.03.2016', '63.07.03', '63.07.03.2016', 'Sungai Rangas'),
('63.07.03.2017', '63.07.03', '63.07.03.2017', 'Batang Bahalang'),
('63.07.03.2018', '63.07.03', '63.07.03.2018', 'Sungai Jaranih'),
('63.07.04.2001', '63.07.04', '63.07.04.2001', 'Parumahan'),
('63.07.04.2002', '63.07.04', '63.07.04.2002', 'Kasarangan'),
('63.07.04.2003', '63.07.04', '63.07.04.2003', 'Banua Kupang'),
('63.07.04.2004', '63.07.04', '63.07.04.2004', 'Rantau Keminting'),
('63.07.04.2005', '63.07.04', '63.07.04.2005', 'Pemangkih'),
('63.07.04.2006', '63.07.04', '63.07.04.2006', 'Pemangkih Seberang'),
('63.07.04.2007', '63.07.04', '63.07.04.2007', 'Binjai Pemangkih'),
('63.07.04.2008', '63.07.04', '63.07.04.2008', 'Samhurang'),
('63.07.04.2009', '63.07.04', '63.07.04.2009', 'Pahalatan'),
('63.07.04.2010', '63.07.04', '63.07.04.2010', 'Mantaas'),
('63.07.04.2011', '63.07.04', '63.07.04.2011', 'Sungai Buluh'),
('63.07.04.2012', '63.07.04', '63.07.04.2012', 'Kadundung'),
('63.07.04.2013', '63.07.04', '63.07.04.2013', 'Tungkup'),
('63.07.04.2014', '63.07.04', '63.07.04.2014', 'Tabat'),
('63.07.04.2015', '63.07.04', '63.07.04.2015', 'Rantau Bujur'),
('63.07.04.2016', '63.07.04', '63.07.04.2016', 'Binjai Pirua'),
('63.07.05.2001', '63.07.05', '63.07.05.2001', 'Jaranih'),
('63.07.05.2002', '63.07.05', '63.07.05.2002', 'Banua Hanyar'),
('63.07.05.2003', '63.07.05', '63.07.05.2003', 'Palajau'),
('63.07.05.2004', '63.07.05', '63.07.05.2004', 'Banua Batung'),
('63.07.05.2005', '63.07.05', '63.07.05.2005', 'Jatuh'),
('63.07.05.2006', '63.07.05', '63.07.05.2006', 'Pandawan'),
('63.07.05.2007', '63.07.05', '63.07.05.2007', 'Mahang Matang Landung'),
('63.07.05.2008', '63.07.05', '63.07.05.2008', 'Kambat Selatan'),
('63.07.05.2009', '63.07.05', '63.07.05.2009', 'Kayu Rabah'),
('63.07.05.2010', '63.07.05', '63.07.05.2010', 'Setiap'),
('63.07.05.2011', '63.07.05', '63.07.05.2011', 'Kambat Utara'),
('63.07.05.2012', '63.07.05', '63.07.05.2012', 'Banua Supanggal'),
('63.07.05.2013', '63.07.05', '63.07.05.2013', 'Hulu Rasau'),
('63.07.05.2014', '63.07.05', '63.07.05.2014', 'Banua Asam'),
('63.07.05.2015', '63.07.05', '63.07.05.2015', 'Masiraan'),
('63.07.05.2016', '63.07.05', '63.07.05.2016', 'Mahang Putat'),
('63.07.05.2017', '63.07.05', '63.07.05.2017', 'Mahang Sungai Hanyar'),
('63.07.05.2018', '63.07.05', '63.07.05.2018', 'Hilir Banua'),
('63.07.05.2019', '63.07.05', '63.07.05.2019', 'Buluan'),
('63.07.05.2020', '63.07.05', '63.07.05.2020', 'Matang Ginalun'),
('63.07.05.2021', '63.07.05', '63.07.05.2021', 'Walatung'),
('63.07.06.1001', '63.07.06', '63.07.06.1001', 'Barabai Darat'),
('63.07.06.1002', '63.07.06', '63.07.06.1002', 'Barabai Timur'),
('63.07.06.1003', '63.07.06', '63.07.06.1003', 'Barabai Selatan'),
('63.07.06.1004', '63.07.06', '63.07.06.1004', 'Barabai Utara'),
('63.07.06.1005', '63.07.06', '63.07.06.1005', 'Barabai Barat'),
('63.07.06.1006', '63.07.06', '63.07.06.1006', 'Bukat'),
('63.07.06.2007', '63.07.06', '63.07.06.2007', 'Gambah'),
('63.07.06.2008', '63.07.06', '63.07.06.2008', 'Kayu Bawang'),
('63.07.06.2009', '63.07.06', '63.07.06.2009', 'Benawa Tengah'),
('63.07.06.2010', '63.07.06', '63.07.06.2010', 'Mandingin'),
('63.07.06.2011', '63.07.06', '63.07.06.2011', 'Pajukungan'),
('63.07.06.2012', '63.07.06', '63.07.06.2012', 'Banua Budi'),
('63.07.06.2013', '63.07.06', '63.07.06.2013', 'Banua Binjai'),
('63.07.06.2014', '63.07.06', '63.07.06.2014', 'Banua Jingah'),
('63.07.06.2015', '63.07.06', '63.07.06.2015', 'Ayuang'),
('63.07.06.2016', '63.07.06', '63.07.06.2016', 'Babai'),
('63.07.06.2017', '63.07.06', '63.07.06.2017', 'Awang Besar'),
('63.07.06.2018', '63.07.06', '63.07.06.2018', 'Bakapas'),
('63.07.07.1001', '63.07.07', '63.07.07.1001', 'Birayang'),
('63.07.07.2002', '63.07.07', '63.07.07.2002', 'Kias'),
('63.07.07.2003', '63.07.07', '63.07.07.2003', 'Kapar'),
('63.07.07.2004', '63.07.07', '63.07.07.2004', 'Tembok Bahalang'),
('63.07.07.2005', '63.07.07', '63.07.07.2005', 'Limbar'),
('63.07.07.2006', '63.07.07', '63.07.07.2006', 'Lok Basar'),
('63.07.07.2007', '63.07.07', '63.07.07.2007', 'Paya'),
('63.07.07.2008', '63.07.07', '63.07.07.2008', 'Cukan Lipai'),
('63.07.07.2009', '63.07.07', '63.07.07.2009', 'Birayang Surapati'),
('63.07.07.2010', '63.07.07', '63.07.07.2010', 'Mahela'),
('63.07.07.2011', '63.07.07', '63.07.07.2011', 'Rangas'),
('63.07.07.2012', '63.07.07', '63.07.07.2012', 'Wawai Gardu'),
('63.07.07.2013', '63.07.07', '63.07.07.2013', 'Labuhan'),
('63.07.07.2014', '63.07.07', '63.07.07.2014', 'Birayang Timur'),
('63.07.07.2015', '63.07.07', '63.07.07.2015', 'Tanah Habang'),
('63.07.07.2016', '63.07.07', '63.07.07.2016', 'Banua Rantau'),
('63.07.07.2017', '63.07.07', '63.07.07.2017', 'Anduhum'),
('63.07.07.2018', '63.07.07', '63.07.07.2018', 'Wawai'),
('63.07.07.2019', '63.07.07', '63.07.07.2019', 'Lunjuk'),
('63.07.08.2001', '63.07.08', '63.07.08.2001', 'Sumanggi Seberang'),
('63.07.08.2002', '63.07.08', '63.07.08.2002', 'Sumanggi'),
('63.07.08.2003', '63.07.08', '63.07.08.2003', 'Ilung'),
('63.07.08.2004', '63.07.08', '63.07.08.2004', 'Maringgit'),
('63.07.08.2005', '63.07.08', '63.07.08.2005', 'Telang'),
('63.07.08.2008', '63.07.08', '63.07.08.2008', 'Labunganak'),
('63.07.08.2009', '63.07.08', '63.07.08.2009', 'Hapingin'),
('63.07.08.2010', '63.07.08', '63.07.08.2010', 'Dangu'),
('63.07.08.2013', '63.07.08', '63.07.08.2013', 'Ilung Tengah'),
('63.07.08.2014', '63.07.08', '63.07.08.2014', 'Haur Gading'),
('63.07.08.2018', '63.07.08', '63.07.08.2018', 'Awang'),
('63.07.08.2019', '63.07.08', '63.07.08.2019', 'Awang Baru'),
('63.07.08.2020', '63.07.08', '63.07.08.2020', 'Muara Rintis'),
('63.07.08.2021', '63.07.08', '63.07.08.2021', 'Ilung Pasar Lama'),
('63.07.09.2001', '63.07.09', '63.07.09.2001', 'Hantakan'),
('63.07.09.2002', '63.07.09', '63.07.09.2002', 'Alat'),
('63.07.09.2003', '63.07.09', '63.07.09.2003', 'Murung B'),
('63.07.09.2004', '63.07.09', '63.07.09.2004', 'Bulayak'),
('63.07.09.2005', '63.07.09', '63.07.09.2005', 'Batu Tunggal'),
('63.07.09.2006', '63.07.09', '63.07.09.2006', 'Pasting'),
('63.07.09.2007', '63.07.09', '63.07.09.2007', 'Tilahan'),
('63.07.09.2008', '63.07.09', '63.07.09.2008', 'Haruyan Dayak'),
('63.07.09.2009', '63.07.09', '63.07.09.2009', 'Kindingan'),
('63.07.09.2010', '63.07.09', '63.07.09.2010', 'Datar Ajab'),
('63.07.09.2011', '63.07.09', '63.07.09.2011', 'Hinas Kanan'),
('63.07.09.2012', '63.07.09', '63.07.09.2012', 'Patikalain'),
('63.07.10.2001', '63.07.10', '63.07.10.2001', 'Batu Tangga'),
('63.07.10.2002', '63.07.10', '63.07.10.2002', 'Hinas Kiri'),
('63.07.10.2003', '63.07.10', '63.07.10.2003', 'Pembakulan'),
('63.07.10.2004', '63.07.10', '63.07.10.2004', 'Nateh'),
('63.07.10.2005', '63.07.10', '63.07.10.2005', 'Tandilang'),
('63.07.10.2006', '63.07.10', '63.07.10.2006', 'Muara Hungi'),
('63.07.10.2007', '63.07.10', '63.07.10.2007', 'Atiran'),
('63.07.10.2008', '63.07.10', '63.07.10.2008', 'Batu Perahu'),
('63.07.10.2009', '63.07.10', '63.07.10.2009', 'Aing Bantai'),
('63.07.10.2010', '63.07.10', '63.07.10.2010', 'Juhu'),
('63.07.10.2011', '63.07.10', '63.07.10.2011', 'Datar Batung'),
('63.07.11.2001', '63.07.11', '63.07.11.2001', 'Tapuk'),
('63.07.11.2002', '63.07.11', '63.07.11.2002', 'Karau'),
('63.07.11.2003', '63.07.11', '63.07.11.2003', 'Limpasu'),
('63.07.11.2004', '63.07.11', '63.07.11.2004', 'Kabang'),
('63.07.11.2005', '63.07.11', '63.07.11.2005', 'Abung Surapati'),
('63.07.11.2006', '63.07.11', '63.07.11.2006', 'Karatungan'),
('63.07.11.2007', '63.07.11', '63.07.11.2007', 'Pauh'),
('63.07.11.2008', '63.07.11', '63.07.11.2008', 'Abung'),
('63.07.11.2009', '63.07.11', '63.07.11.2009', 'Hawang'),
('63.08.01.2003', '63.08.01', '63.08.01.2003', 'Sungai Namang'),
('63.08.01.2004', '63.08.01', '63.08.01.2004', 'Danau Panggang'),
('63.08.01.2008', '63.08.01', '63.08.01.2008', 'Pandamaan'),
('63.08.01.2009', '63.08.01', '63.08.01.2009', 'Baru'),
('63.08.01.2010', '63.08.01', '63.08.01.2010', 'Bitin'),
('63.08.01.2011', '63.08.01', '63.08.01.2011', 'Manarap'),
('63.08.01.2012', '63.08.01', '63.08.01.2012', 'Pararain'),
('63.08.01.2013', '63.08.01', '63.08.01.2013', 'Telaga Mas'),
('63.08.01.2015', '63.08.01', '63.08.01.2015', 'Darussalam'),
('63.08.01.2016', '63.08.01', '63.08.01.2016', 'Sarang Burung'),
('63.08.01.2017', '63.08.01', '63.08.01.2017', 'Longkong'),
('63.08.01.2019', '63.08.01', '63.08.01.2019', 'Rintisan'),
('63.08.01.2020', '63.08.01', '63.08.01.2020', 'Palukahan'),
('63.08.01.2021', '63.08.01', '63.08.01.2021', 'Teluk Mesjid'),
('63.08.01.2022', '63.08.01', '63.08.01.2022', 'Sungai Panangah'),
('63.08.01.2023', '63.08.01', '63.08.01.2023', 'Manarap Hulu'),
('63.08.02.2001', '63.08.02', '63.08.02.2001', 'Babirik Hilir'),
('63.08.02.2002', '63.08.02', '63.08.02.2002', 'Babirik Hulu'),
('63.08.02.2003', '63.08.02', '63.08.02.2003', 'Sungai Durait Hilir'),
('63.08.02.2004', '63.08.02', '63.08.02.2004', 'Hambuku Hilir'),
('63.08.02.2005', '63.08.02', '63.08.02.2005', 'Murung Panti Hulu'),
('63.08.02.2006', '63.08.02', '63.08.02.2006', 'Murung Panti Hilir'),
('63.08.02.2007', '63.08.02', '63.08.02.2007', 'Murung Kupang'),
('63.08.02.2008', '63.08.02', '63.08.02.2008', 'Sungai Luang Hilir'),
('63.08.02.2009', '63.08.02', '63.08.02.2009', 'Pajukungan Hilir'),
('63.08.02.2010', '63.08.02', '63.08.02.2010', 'Kalumpang Dalam'),
('63.08.02.2011', '63.08.02', '63.08.02.2011', 'Parupukan'),
('63.08.02.2012', '63.08.02', '63.08.02.2012', 'Sungai Luang Hulu'),
('63.08.02.2013', '63.08.02', '63.08.02.2013', 'Sungai Durait Hulu'),
('63.08.02.2014', '63.08.02', '63.08.02.2014', 'Sungai Dalam'),
('63.08.02.2015', '63.08.02', '63.08.02.2015', 'Hambuku Baru'),
('63.08.02.2016', '63.08.02', '63.08.02.2016', 'Hambuku Lima'),
('63.08.02.2017', '63.08.02', '63.08.02.2017', 'Sungai Janjam'),
('63.08.02.2018', '63.08.02', '63.08.02.2018', 'Kalumpang Luar'),
('63.08.02.2019', '63.08.02', '63.08.02.2019', 'Teluk Limbung'),
('63.08.02.2020', '63.08.02', '63.08.02.2020', 'Sungai Durait Tengah'),
('63.08.02.2021', '63.08.02', '63.08.02.2021', 'Pajukungan Hulu'),
('63.08.02.2022', '63.08.02', '63.08.02.2022', 'Sungai Papuyu'),
('63.08.02.2023', '63.08.02', '63.08.02.2023', 'Sungai Nyiur'),
('63.08.03.2001', '63.08.03', '63.08.03.2001', 'Rantau Karau Hilir'),
('63.08.03.2002', '63.08.03', '63.08.03.2002', 'Rantau Karau Hulu'),
('63.08.03.2003', '63.08.03', '63.08.03.2003', 'Banyu Tajun Hilir'),
('63.08.03.2004', '63.08.03', '63.08.03.2004', 'Banyu Tajun Hulu'),
('63.08.03.2005', '63.08.03', '63.08.03.2005', 'Banyu Tajun Pangkalan'),
('63.08.03.2006', '63.08.03', '63.08.03.2006', 'Sungai Sandung'),
('63.08.03.2007', '63.08.03', '63.08.03.2007', 'Sungai Pandan Hilir'),
('63.08.03.2008', '63.08.03', '63.08.03.2008', 'Teluk Betung'),
('63.08.03.2009', '63.08.03', '63.08.03.2009', 'Tambalang'),
('63.08.03.2010', '63.08.03', '63.08.03.2010', 'Hambuku Hulu'),
('63.08.03.2011', '63.08.03', '63.08.03.2011', 'Hambuku Tengah'),
('63.08.03.2014', '63.08.03', '63.08.03.2014', 'Pandulangan'),
('63.08.03.2015', '63.08.03', '63.08.03.2015', 'Sungai Pandan Hulu'),
('63.08.03.2021', '63.08.03', '63.08.03.2021', 'Pondok Babaris'),
('63.08.03.2024', '63.08.03', '63.08.03.2024', 'Sungai Pinang'),
('63.08.03.2025', '63.08.03', '63.08.03.2025', 'Tambalang Kecil'),
('63.08.03.2026', '63.08.03', '63.08.03.2026', 'Putat Atas'),
('63.08.03.2029', '63.08.03', '63.08.03.2029', 'Banyu Tajun Dalam'),
('63.08.03.2031', '63.08.03', '63.08.03.2031', 'Sungai Pandan Tengah'),
('63.08.03.2032', '63.08.03', '63.08.03.2032', 'Hambuku Raya'),
('63.08.03.2033', '63.08.03', '63.08.03.2033', 'Sungai Kuini'),
('63.08.03.2034', '63.08.03', '63.08.03.2034', 'Tapus Dalam'),
('63.08.03.2035', '63.08.03', '63.08.03.2035', 'Rantau KarauTengah'),
('63.08.03.2037', '63.08.03', '63.08.03.2037', 'Tambalang Tengah'),
('63.08.03.2038', '63.08.03', '63.08.03.2038', 'Teluk Mesjid'),
('63.08.03.2039', '63.08.03', '63.08.03.2039', 'Murung Asam'),
('63.08.03.2040', '63.08.03', '63.08.03.2040', 'Tatah Laban'),
('63.08.03.2041', '63.08.03', '63.08.03.2041', 'Jalan Lurus'),
('63.08.03.2042', '63.08.03', '63.08.03.2042', 'Teluk Sinar'),
('63.08.03.2043', '63.08.03', '63.08.03.2043', 'Padang Bangkal'),
('63.08.03.2044', '63.08.03', '63.08.03.2044', 'Hambuku Pasar'),
('63.08.03.2045', '63.08.03', '63.08.03.2045', 'Pangkalan Sari'),
('63.08.03.2046', '63.08.03', '63.08.03.2046', 'Rantau Karau Raya'),
('63.08.04.2001', '63.08.04', '63.08.04.2001', 'Panyiuran'),
('63.08.04.2002', '63.08.04', '63.08.04.2002', 'Simpang Empat'),
('63.08.04.2003', '63.08.04', '63.08.04.2003', 'Padang Darat'),
('63.08.04.2004', '63.08.04', '63.08.04.2004', 'Teluk Baru'),
('63.08.04.2005', '63.08.04', '63.08.04.2005', 'Ilir Mesjid'),
('63.08.04.2006', '63.08.04', '63.08.04.2006', 'Jarang Kuantan'),
('63.08.04.2007', '63.08.04', '63.08.04.2007', 'Jumba'),
('63.08.04.2008', '63.08.04', '63.08.04.2008', 'Telaga Sari'),
('63.08.04.2009', '63.08.04', '63.08.04.2009', 'Telaga Silaba'),
('63.08.04.2010', '63.08.04', '63.08.04.2010', 'Banyu Hirang'),
('63.08.04.2011', '63.08.04', '63.08.04.2011', 'Kayakah'),
('63.08.04.2012', '63.08.04', '63.08.04.2012', 'Bajawit'),
('63.08.04.2013', '63.08.04', '63.08.04.2013', 'Padang Tanggul'),
('63.08.04.2014', '63.08.04', '63.08.04.2014', 'Teluk Paring'),
('63.08.04.2015', '63.08.04', '63.08.04.2015', 'Rukam Hilir'),
('63.08.04.2016', '63.08.04', '63.08.04.2016', 'Mamar'),
('63.08.04.2017', '63.08.04', '63.08.04.2017', 'Cempaka'),
('63.08.04.2018', '63.08.04', '63.08.04.2018', 'Keramat'),
('63.08.04.2019', '63.08.04', '63.08.04.2019', 'Ujung Murung'),
('63.08.04.2020', '63.08.04', '63.08.04.2020', 'Kota Raja'),
('63.08.04.2021', '63.08.04', '63.08.04.2021', 'Pulau Tambak'),
('63.08.04.2022', '63.08.04', '63.08.04.2022', 'Harusan Telaga'),
('63.08.04.2023', '63.08.04', '63.08.04.2023', 'Simpang Tiga'),
('63.08.04.2024', '63.08.04', '63.08.04.2024', 'Cangkering'),
('63.08.04.2025', '63.08.04', '63.08.04.2025', 'Kutai Kecil'),
('63.08.04.2026', '63.08.04', '63.08.04.2026', 'Teluk Sari'),
('63.08.04.2027', '63.08.04', '63.08.04.2027', 'Murung Panggang'),
('63.08.04.2028', '63.08.04', '63.08.04.2028', 'Telaga Hanyar'),
('63.08.04.2029', '63.08.04', '63.08.04.2029', 'Rukam Hulu'),
('63.08.04.2030', '63.08.04', '63.08.04.2030', 'Murung Sari'),
('63.08.05.1001', '63.08.05', '63.08.05.1001', 'Antasari'),
('63.08.05.1002', '63.08.05', '63.08.05.1002', 'Murung Sari'),
('63.08.05.1003', '63.08.05', '63.08.05.1003', 'Kebun Sari'),
('63.08.05.1004', '63.08.05', '63.08.05.1004', 'Paliwara'),
('63.08.05.1005', '63.08.05', '63.08.05.1005', 'Sungai Malang'),
('63.08.05.2006', '63.08.05', '63.08.05.2006', 'Tapus'),
('63.08.05.2007', '63.08.05', '63.08.05.2007', 'Kandang Halang'),
('63.08.05.2008', '63.08.05', '63.08.05.2008', 'Pasar Senin'),
('63.08.05.2009', '63.08.05', '63.08.05.2009', 'Kota Raden Hulu'),
('63.08.05.2010', '63.08.05', '63.08.05.2010', 'Tangga Ulin Hilir'),
('63.08.05.2011', '63.08.05', '63.08.05.2011', 'Tambalangan'),
('63.08.05.2012', '63.08.05', '63.08.05.2012', 'Palampitan Hulu'),
('63.08.05.2013', '63.08.05', '63.08.05.2013', 'Harus'),
('63.08.05.2014', '63.08.05', '63.08.05.2014', 'Pinangkara'),
('63.08.05.2015', '63.08.05', '63.08.05.2015', 'Sungai Karias'),
('63.08.05.2016', '63.08.05', '63.08.05.2016', 'Tigarun'),
('63.08.05.2017', '63.08.05', '63.08.05.2017', 'Pinang Habang'),
('63.08.05.2018', '63.08.05', '63.08.05.2018', 'Hulu Pasar'),
('63.08.05.2019', '63.08.05', '63.08.05.2019', 'Kota Raden Hilir'),
('63.08.05.2020', '63.08.05', '63.08.05.2020', 'Rantawan'),
('63.08.05.2021', '63.08.05', '63.08.05.2021', 'Muara Tapus'),
('63.08.05.2022', '63.08.05', '63.08.05.2022', 'Palampitan Hilir'),
('63.08.05.2023', '63.08.05', '63.08.05.2023', 'Harusan'),
('63.08.05.2024', '63.08.05', '63.08.05.2024', 'Sungai Baring'),
('63.08.05.2025', '63.08.05', '63.08.05.2025', 'Kembang Kuning'),
('63.08.05.2026', '63.08.05', '63.08.05.2026', 'Datu Kuning'),
('63.08.05.2027', '63.08.05', '63.08.05.2027', 'Tangga Ulin Hulu'),
('63.08.05.2028', '63.08.05', '63.08.05.2028', 'Mawar Sari'),
('63.08.05.2029', '63.08.05', '63.08.05.2029', 'Danau Cermin'),
('63.08.06.2003', '63.08.06', '63.08.06.2003', 'Pakapuran'),
('63.08.06.2004', '63.08.06', '63.08.06.2004', 'Pakacangan'),
('63.08.06.2005', '63.08.06', '63.08.06.2005', 'Panangkalaan'),
('63.08.06.2006', '63.08.06', '63.08.06.2006', 'Padang Basar'),
('63.08.06.2007', '63.08.06', '63.08.06.2007', 'Murung Karangan'),
('63.08.06.2008', '63.08.06', '63.08.06.2008', 'Kamayahan'),
('63.08.06.2009', '63.08.06', '63.08.06.2009', 'Guntung'),
('63.08.06.2010', '63.08.06', '63.08.06.2010', 'Muara Baruh'),
('63.08.06.2011', '63.08.06', '63.08.06.2011', 'Teluk Daun'),
('63.08.06.2012', '63.08.06', '63.08.06.2012', 'Sungai Turak'),
('63.08.06.2013', '63.08.06', '63.08.06.2013', 'Tabalong Mati'),
('63.08.06.2020', '63.08.06', '63.08.06.2020', 'Pimping'),
('63.08.06.2021', '63.08.06', '63.08.06.2021', 'Padang Luar'),
('63.08.06.2023', '63.08.06', '63.08.06.2023', 'Tayur'),
('63.08.06.2026', '63.08.06', '63.08.06.2026', 'Panangkalaan Hulu'),
('63.08.06.2027', '63.08.06', '63.08.06.2027', 'Cakeru'),
('63.08.06.2028', '63.08.06', '63.08.06.2028', 'Sungai Turak Dalam'),
('63.08.06.2029', '63.08.06', '63.08.06.2029', 'Panyaungan'),
('63.08.06.2030', '63.08.06', '63.08.06.2030', 'Kuangan'),
('63.08.06.2032', '63.08.06', '63.08.06.2032', 'Tabing Liring'),
('63.08.06.2033', '63.08.06', '63.08.06.2033', 'Padang Basar Hilir'),
('63.08.06.2034', '63.08.06', '63.08.06.2034', 'Telaga Bamban'),
('63.08.06.2035', '63.08.06', '63.08.06.2035', 'Air Tawar'),
('63.08.06.2037', '63.08.06', '63.08.06.2037', 'Panangian'),
('63.08.06.2041', '63.08.06', '63.08.06.2041', 'Pamintangan'),
('63.08.06.2044', '63.08.06', '63.08.06.2044', 'Pandawanan'),
('63.08.07.2001', '63.08.07', '63.08.07.2001', 'Banjang'),
('63.08.07.2002', '63.08.07', '63.08.07.2002', 'Patarikan'),
('63.08.07.2003', '63.08.07', '63.08.07.2003', 'Teluk Buluh'),
('63.08.07.2004', '63.08.07', '63.08.07.2004', 'Pandulangan'),
('63.08.07.2005', '63.08.07', '63.08.07.2005', 'Danau Terati'),
('63.08.07.2006', '63.08.07', '63.08.07.2006', 'Garunggang'),
('63.08.07.2007', '63.08.07', '63.08.07.2007', 'Baruh Tabing'),
('63.08.07.2008', '63.08.07', '63.08.07.2008', 'Murung Padang'),
('63.08.07.2009', '63.08.07', '63.08.07.2009', 'Teluk Sarikat'),
('63.08.07.2010', '63.08.07', '63.08.07.2010', 'Beringin'),
('63.08.07.2011', '63.08.07', '63.08.07.2011', 'Kalintamui'),
('63.08.07.2012', '63.08.07', '63.08.07.2012', 'Pelanjungan Sari'),
('63.08.07.2013', '63.08.07', '63.08.07.2013', 'Lok Bangkai'),
('63.08.07.2014', '63.08.07', '63.08.07.2014', 'Sungai Bahadangan'),
('63.08.07.2015', '63.08.07', '63.08.07.2015', 'Karias Dalam'),
('63.08.07.2016', '63.08.07', '63.08.07.2016', 'Rantau Bujur'),
('63.08.07.2017', '63.08.07', '63.08.07.2017', 'Kaludan Kecil'),
('63.08.07.2018', '63.08.07', '63.08.07.2018', 'Kaludan Besar'),
('63.08.07.2019', '63.08.07', '63.08.07.2019', 'Pawalutan'),
('63.08.07.2020', '63.08.07', '63.08.07.2020', 'Pulau Damar'),
('63.08.08.2001', '63.08.08', '63.08.08.2001', 'Palimbangan'),
('63.08.08.2002', '63.08.08', '63.08.08.2002', 'Palimbangan Gusti'),
('63.08.08.2003', '63.08.08', '63.08.08.2003', 'Palimbang Sari'),
('63.08.08.2004', '63.08.08', '63.08.08.2004', 'Bayur'),
('63.08.08.2005', '63.08.08', '63.08.08.2005', 'Lok Suga'),
('63.08.08.2006', '63.08.08', '63.08.08.2006', 'Sungai Limas'),
('63.08.08.2007', '63.08.08', '63.08.08.2007', 'Pihaung'),
('63.08.08.2008', '63.08.08', '63.08.08.2008', 'Sungai Binuang'),
('63.08.08.2009', '63.08.08', '63.08.08.2009', 'Jingah Bujur'),
('63.08.08.2010', '63.08.08', '63.08.08.2010', 'Haur Gading'),
('63.08.08.2011', '63.08.08', '63.08.08.2011', 'Keramat'),
('63.08.08.2012', '63.08.08', '63.08.08.2012', 'Tambak Sari panji'),
('63.08.08.2013', '63.08.08', '63.08.08.2013', 'Pulantani'),
('63.08.08.2014', '63.08.08', '63.08.08.2014', 'Waringin'),
('63.08.08.2015', '63.08.08', '63.08.08.2015', 'Tangkawang'),
('63.08.08.2016', '63.08.08', '63.08.08.2016', 'Tuhuran'),
('63.08.08.2017', '63.08.08', '63.08.08.2017', 'Teluk Haur'),
('63.08.08.2018', '63.08.08', '63.08.08.2018', 'Panawakan'),
('63.08.09.2001', '63.08.09', '63.08.09.2001', 'Paminggir'),
('63.08.09.2002', '63.08.09', '63.08.09.2002', 'Paminggir Seberang'),
('63.08.09.2003', '63.08.09', '63.08.09.2003', 'Ambahai'),
('63.08.09.2004', '63.08.09', '63.08.09.2004', 'Sapala'),
('63.08.09.2005', '63.08.09', '63.08.09.2005', 'Bararawa'),
('63.08.09.2006', '63.08.09', '63.08.09.2006', 'Pal Batu'),
('63.08.09.2007', '63.08.09', '63.08.09.2007', 'Tampakang'),
('63.08.10.2001', '63.08.10', '63.08.10.2001', 'Sungai Tabukan'),
('63.08.10.2002', '63.08.10', '63.08.10.2002', 'Nelayan'),
('63.08.10.2003', '63.08.10', '63.08.10.2003', 'Galagah Hulu'),
('63.08.10.2004', '63.08.10', '63.08.10.2004', 'Galagah'),
('63.08.10.2005', '63.08.10', '63.08.10.2005', 'Teluk Cati'),
('63.08.10.2006', '63.08.10', '63.08.10.2006', 'Pematang Benteng'),
('63.08.10.2007', '63.08.10', '63.08.10.2007', 'Pematang Benteng Hilir'),
('63.08.10.2008', '63.08.10', '63.08.10.2008', 'Pasar Sabtu'),
('63.08.10.2009', '63.08.10', '63.08.10.2009', 'Sungai Haji'),
('63.08.10.2010', '63.08.10', '63.08.10.2010', 'Hilir Mesjid'),
('63.08.10.2011', '63.08.10', '63.08.10.2011', 'Gampa Raya'),
('63.08.10.2012', '63.08.10', '63.08.10.2012', 'Banua Hanyar'),
('63.08.10.2013', '63.08.10', '63.08.10.2013', 'Rantau Bujur Hulu'),
('63.08.10.2014', '63.08.10', '63.08.10.2014', 'Rantau Bujur Tengah'),
('63.08.10.2015', '63.08.10', '63.08.10.2015', 'Rantau Bujur Hilir'),
('63.08.10.2016', '63.08.10', '63.08.10.2016', 'Rantau Bujur Darat'),
('63.08.10.2017', '63.08.10', '63.08.10.2017', 'Tambalang Raya'),
('63.09.01.2001', '63.09.01', '63.09.01.2001', 'Hapalah'),
('63.09.01.2002', '63.09.01', '63.09.01.2002', 'Bangkiling'),
('63.09.01.2003', '63.09.01', '63.09.01.2003', 'Sungai Durian'),
('63.09.01.2004', '63.09.01', '63.09.01.2004', 'Pematang'),
('63.09.01.2005', '63.09.01', '63.09.01.2005', 'Hariang'),
('63.09.01.2006', '63.09.01', '63.09.01.2006', 'Banua Lawas'),
('63.09.01.2007', '63.09.01', '63.09.01.2007', 'Habau'),
('63.09.01.2008', '63.09.01', '63.09.01.2008', 'Banua Rantau'),
('63.09.01.2009', '63.09.01', '63.09.01.2009', 'Purai'),
('63.09.01.2010', '63.09.01', '63.09.01.2010', 'Batang Banyu'),
('63.09.01.2011', '63.09.01', '63.09.01.2011', 'Habau Hulu'),
('63.09.01.2012', '63.09.01', '63.09.01.2012', 'Bungin'),
('63.09.01.2013', '63.09.01', '63.09.01.2013', 'Bangkiling Raya'),
('63.09.01.2014', '63.09.01', '63.09.01.2014', 'Talan'),
('63.09.01.2015', '63.09.01', '63.09.01.2015', 'Sungai Anyar'),
('63.09.02.1001', '63.09.02', '63.09.02.1001', 'Pulau'),
('63.09.02.2002', '63.09.02', '63.09.02.2002', 'Ampukung'),
('63.09.02.2003', '63.09.02', '63.09.02.2003', 'Telaga Itar'),
('63.09.02.2004', '63.09.02', '63.09.02.2004', 'Sungai Buluh'),
('63.09.02.2005', '63.09.02', '63.09.02.2005', 'Binturu'),
('63.09.02.2006', '63.09.02', '63.09.02.2006', 'Pudak Setegal'),
('63.09.02.2007', '63.09.02', '63.09.02.2007', 'Pasar Panas'),
('63.09.02.2008', '63.09.02', '63.09.02.2008', 'Masintan'),
('63.09.02.2009', '63.09.02', '63.09.02.2009', 'Takulat'),
('63.09.02.2010', '63.09.02', '63.09.02.2010', 'Paliat'),
('63.09.02.2011', '63.09.02', '63.09.02.2011', 'Karangan Putih'),
('63.09.02.2012', '63.09.02', '63.09.02.2012', 'Bahungin'),
('63.09.03.2001', '63.09.03', '63.09.03.2001', 'Murung Baru'),
('63.09.03.2002', '63.09.03', '63.09.03.2002', 'Lukbayur'),
('63.09.03.2003', '63.09.03', '63.09.03.2003', 'Walangkir'),
('63.09.03.2004', '63.09.03', '63.09.03.2004', 'Warukin'),
('63.09.03.2005', '63.09.03', '63.09.03.2005', 'Barimbun'),
('63.09.03.2006', '63.09.03', '63.09.03.2006', 'Mangkusip'),
('63.09.03.2007', '63.09.03', '63.09.03.2007', 'Pamarangan Kanan'),
('63.09.03.2008', '63.09.03', '63.09.03.2008', 'Pulau Kuu'),
('63.09.03.2009', '63.09.03', '63.09.03.2009', 'Tanta'),
('63.09.03.2010', '63.09.03', '63.09.03.2010', 'Padang Panjang'),
('63.09.03.2011', '63.09.03', '63.09.03.2011', 'Puain Kanan'),
('63.09.03.2012', '63.09.03', '63.09.03.2012', 'Padangin'),
('63.09.03.2013', '63.09.03', '63.09.03.2013', 'Tamiyang'),
('63.09.03.2014', '63.09.03', '63.09.03.2014', 'Tanta Hulu'),
('63.09.04.1001', '63.09.04', '63.09.04.1001', 'Jangkung'),
('63.09.04.1002', '63.09.04', '63.09.04.1002', 'Tanjung'),
('63.09.04.1003', '63.09.04', '63.09.04.1003', 'Agung'),
('63.09.04.1004', '63.09.04', '63.09.04.1004', 'Hikun'),
('63.09.04.2005', '63.09.04', '63.09.04.2005', 'Banyu Tajun'),
('63.09.04.2006', '63.09.04', '63.09.04.2006', 'Pamarangan Kiwa'),
('63.09.04.2007', '63.09.04', '63.09.04.2007', 'Puain Kiwa'),
('63.09.04.2008', '63.09.04', '63.09.04.2008', 'Juai'),
('63.09.04.2009', '63.09.04', '63.09.04.2009', 'Mahe Seberang'),
('63.09.04.2010', '63.09.04', '63.09.04.2010', 'Kambitin'),
('63.09.04.2011', '63.09.04', '63.09.04.2011', 'Wayau'),
('63.09.04.2012', '63.09.04', '63.09.04.2012', 'Garunggung'),
('63.09.04.2013', '63.09.04', '63.09.04.2013', 'Kitang'),
('63.09.04.2014', '63.09.04', '63.09.04.2014', 'Sungai Pimping'),
('63.09.04.2015', '63.09.04', '63.09.04.2015', 'Kambitin Raya'),
('63.09.05.2001', '63.09.05', '63.09.05.2001', 'Marindi'),
('63.09.05.2002', '63.09.05', '63.09.05.2002', 'Wirang'),
('63.09.05.2003', '63.09.05', '63.09.05.2003', 'Bongkang'),
('63.09.05.2004', '63.09.05', '63.09.05.2004', 'Nawin'),
('63.09.05.2005', '63.09.05', '63.09.05.2005', 'Halong'),
('63.09.05.2007', '63.09.05', '63.09.05.2007', 'Hayup'),
('63.09.05.2011', '63.09.05', '63.09.05.2011', 'Kembang Kuning'),
('63.09.05.2012', '63.09.05', '63.09.05.2012', 'Seradang'),
('63.09.05.2013', '63.09.05', '63.09.05.2013', 'Mahe Pasar'),
('63.09.05.2014', '63.09.05', '63.09.05.2014', 'Lok Batu'),
('63.09.05.2015', '63.09.05', '63.09.05.2015', 'Suput'),
('63.09.05.2018', '63.09.05', '63.09.05.2018', 'Surian'),
('63.09.05.2021', '63.09.05', '63.09.05.2021', 'Catur Karya'),
('63.09.06.1001', '63.09.06', '63.09.06.1001', 'Belimbing Raya'),
('63.09.06.1002', '63.09.06', '63.09.06.1002', 'Belimbing'),
('63.09.06.1003', '63.09.06', '63.09.06.1003', 'Sulingan'),
('63.09.06.1006', '63.09.06', '63.09.06.1006', 'Mabu\'un'),
('63.09.06.1009', '63.09.06', '63.09.06.1009', 'Pembataan'),
('63.09.06.2004', '63.09.06', '63.09.06.2004', 'Maburai'),
('63.09.06.2005', '63.09.06', '63.09.06.2005', 'Kasiau'),
('63.09.06.2007', '63.09.06', '63.09.06.2007', 'Kapar'),
('63.09.06.2008', '63.09.06', '63.09.06.2008', 'Masukau'),
('63.09.06.2010', '63.09.06', '63.09.06.2010', 'Kasiau Raya'),
('63.09.07.2001', '63.09.07', '63.09.07.2001', 'Kupang Nunding'),
('63.09.07.2002', '63.09.07', '63.09.07.2002', 'Mangkupum'),
('63.09.07.2003', '63.09.07', '63.09.07.2003', 'Pasar Batu'),
('63.09.07.2004', '63.09.07', '63.09.07.2004', 'Uwie'),
('63.09.07.2005', '63.09.07', '63.09.07.2005', 'Muara Uya'),
('63.09.07.2006', '63.09.07', '63.09.07.2006', 'Lumbang'),
('63.09.07.2007', '63.09.07', '63.09.07.2007', 'Santuun'),
('63.09.07.2008', '63.09.07', '63.09.07.2008', 'Simpung Layung'),
('63.09.07.2009', '63.09.07', '63.09.07.2009', 'Binjai'),
('63.09.07.2010', '63.09.07', '63.09.07.2010', 'Palapi'),
('63.09.07.2011', '63.09.07', '63.09.07.2011', 'Kampung Baru'),
('63.09.07.2012', '63.09.07', '63.09.07.2012', 'Salikung'),
('63.09.07.2013', '63.09.07', '63.09.07.2013', 'Ribang'),
('63.09.07.2014', '63.09.07', '63.09.07.2014', 'Sungai Kumap'),
('63.09.08.2001', '63.09.08', '63.09.08.2001', 'Madang'),
('63.09.08.2002', '63.09.08', '63.09.08.2002', 'Tantaringin'),
('63.09.08.2003', '63.09.08', '63.09.08.2003', 'Murung Karangan'),
('63.09.08.2004', '63.09.08', '63.09.08.2004', 'Padangin'),
('63.09.08.2005', '63.09.08', '63.09.08.2005', 'Manduin'),
('63.09.08.2006', '63.09.08', '63.09.08.2006', 'Mantuil'),
('63.09.08.2007', '63.09.08', '63.09.08.2007', 'Harus'),
('63.09.09.2001', '63.09.09', '63.09.09.2001', 'Pugaan'),
('63.09.09.2002', '63.09.09', '63.09.09.2002', 'Pampanan'),
('63.09.09.2003', '63.09.09', '63.09.09.2003', 'Sungai Rukam II'),
('63.09.09.2004', '63.09.09', '63.09.09.2004', 'Sungai Rukam I'),
('63.09.09.2005', '63.09.09', '63.09.09.2005', 'Jirak'),
('63.09.09.2006', '63.09.09', '63.09.09.2006', 'Halangan'),
('63.09.09.2007', '63.09.09', '63.09.09.2007', 'Tamunti'),
('63.09.10.2001', '63.09.10', '63.09.10.2001', 'Bilas'),
('63.09.10.2002', '63.09.10', '63.09.10.2002', 'Kaong'),
('63.09.10.2003', '63.09.10', '63.09.10.2003', 'Pangelak'),
('63.09.10.2004', '63.09.10', '63.09.10.2004', 'Kinarum'),
('63.09.10.2005', '63.09.10', '63.09.10.2005', 'Masingai II'),
('63.09.10.2006', '63.09.10', '63.09.10.2006', 'Masingai I'),
('63.09.11.2001', '63.09.11', '63.09.11.2001', 'Teratau'),
('63.09.11.2002', '63.09.11', '63.09.11.2002', 'Namun'),
('63.09.11.2003', '63.09.11', '63.09.11.2003', 'Jaro'),
('63.09.11.2004', '63.09.11', '63.09.11.2004', 'Solan'),
('63.09.11.2005', '63.09.11', '63.09.11.2005', 'Muang'),
('63.09.11.2006', '63.09.11', '63.09.11.2006', 'Lano'),
('63.09.11.2007', '63.09.11', '63.09.11.2007', 'Purui'),
('63.09.11.2008', '63.09.11', '63.09.11.2008', 'Garagata'),
('63.09.11.2009', '63.09.11', '63.09.11.2009', 'Nalui'),
('63.09.12.2001', '63.09.12', '63.09.12.2001', 'Waling'),
('63.09.12.2002', '63.09.12', '63.09.12.2002', 'Usih'),
('63.09.12.2003', '63.09.12', '63.09.12.2003', 'Bintang Ara'),
('63.09.12.2004', '63.09.12', '63.09.12.2004', 'Burum'),
('63.09.12.2005', '63.09.12', '63.09.12.2005', 'Panaan'),
('63.09.12.2006', '63.09.12', '63.09.12.2006', 'Dambung Raya'),
('63.09.12.2007', '63.09.12', '63.09.12.2007', 'Argo Mulyo'),
('63.09.12.2008', '63.09.12', '63.09.12.2008', 'Bumi Makmur'),
('63.09.12.2009', '63.09.12', '63.09.12.2009', 'Hegarmanah'),
('63.10.01.1007', '63.10.01', '63.10.01.1007', 'Batulicin'),
('63.10.01.1028', '63.10.01', '63.10.01.1028', 'Gunungtinggi'),
('63.10.01.2005', '63.10.01', '63.10.01.2005', 'Segumbang'),
('63.10.01.2006', '63.10.01', '63.10.01.2006', 'Kersik Putih'),
('63.10.01.2029', '63.10.01', '63.10.01.2029', 'Maju Makmur'),
('63.10.01.2030', '63.10.01', '63.10.01.2030', 'Maju Bersama'),
('63.10.01.2031', '63.10.01', '63.10.01.2031', 'Sukamaju');
INSERT INTO `kelurahan` (`id`, `id_kecamatan`, `kode`, `nama`) VALUES
('63.10.01.2032', '63.10.01', '63.10.01.2032', 'Polewali Marajae'),
('63.10.01.2033', '63.10.01', '63.10.01.2033', 'Danauindah'),
('63.10.02.1001', '63.10.02', '63.10.02.1001', 'Kota Pagatan'),
('63.10.02.2002', '63.10.02', '63.10.02.2002', 'Betung'),
('63.10.02.2003', '63.10.02', '63.10.02.2003', 'Sungai Lembu'),
('63.10.02.2004', '63.10.02', '63.10.02.2004', 'Wiritasi'),
('63.10.02.2005', '63.10.02', '63.10.02.2005', 'Pejala'),
('63.10.02.2006', '63.10.02', '63.10.02.2006', 'Pagaruyung'),
('63.10.02.2007', '63.10.02', '63.10.02.2007', 'Muara Pagatan Tengah'),
('63.10.02.2008', '63.10.02', '63.10.02.2008', 'Kampung Baru'),
('63.10.02.2009', '63.10.02', '63.10.02.2009', 'Pasar Baru'),
('63.10.02.2010', '63.10.02', '63.10.02.2010', 'Batuah'),
('63.10.02.2011', '63.10.02', '63.10.02.2011', 'Baru Gelang'),
('63.10.02.2012', '63.10.02', '63.10.02.2012', 'Pulau Salak'),
('63.10.02.2019', '63.10.02', '63.10.02.2019', 'Mudalang'),
('63.10.02.2020', '63.10.02', '63.10.02.2020', 'Tanette'),
('63.10.02.2021', '63.10.02', '63.10.02.2021', 'Muara Pagatan'),
('63.10.02.2022', '63.10.02', '63.10.02.2022', 'Pulau Satu'),
('63.10.02.2027', '63.10.02', '63.10.02.2027', 'Juku Eja'),
('63.10.02.2029', '63.10.02', '63.10.02.2029', 'Gusunge'),
('63.10.02.2030', '63.10.02', '63.10.02.2030', 'Rantau Panjang Hulu'),
('63.10.02.2031', '63.10.02', '63.10.02.2031', 'Penyolongan'),
('63.10.02.2032', '63.10.02', '63.10.02.2032', 'Beringin'),
('63.10.02.2034', '63.10.02', '63.10.02.2034', 'Rantau Panjang Hilir'),
('63.10.03.2001', '63.10.03', '63.10.03.2001', 'Sari Mulya'),
('63.10.03.2002', '63.10.03', '63.10.03.2002', 'Sungailoban'),
('63.10.03.2003', '63.10.03', '63.10.03.2003', 'Sebamban Lama'),
('63.10.03.2004', '63.10.03', '63.10.03.2004', 'Sebamban Baru'),
('63.10.03.2005', '63.10.03', '63.10.03.2005', 'Sungaidua Laut'),
('63.10.03.2006', '63.10.03', '63.10.03.2006', 'Marga Mulya'),
('63.10.03.2007', '63.10.03', '63.10.03.2007', 'Sari Utama'),
('63.10.03.2008', '63.10.03', '63.10.03.2008', 'Tri Mulya'),
('63.10.03.2010', '63.10.03', '63.10.03.2010', 'Dwi Marga Utama'),
('63.10.03.2011', '63.10.03', '63.10.03.2011', 'Kerta Buana'),
('63.10.03.2012', '63.10.03', '63.10.03.2012', 'Batu Meranti'),
('63.10.03.2014', '63.10.03', '63.10.03.2014', 'Tri Martani'),
('63.10.03.2015', '63.10.03', '63.10.03.2015', 'Sumber makmur'),
('63.10.03.2016', '63.10.03', '63.10.03.2016', 'Biduri Bersujud'),
('63.10.03.2017', '63.10.03', '63.10.03.2017', 'Sumber Sari'),
('63.10.03.2018', '63.10.03', '63.10.03.2018', 'Wanasari'),
('63.10.03.2019', '63.10.03', '63.10.03.2019', 'Damar Indah'),
('63.10.04.2003', '63.10.04', '63.10.04.2003', 'Setarap'),
('63.10.04.2004', '63.10.04', '63.10.04.2004', 'Satui Timur'),
('63.10.04.2005', '63.10.04', '63.10.04.2005', 'Sungaicuka'),
('63.10.04.2006', '63.10.04', '63.10.04.2006', 'Jombang'),
('63.10.04.2008', '63.10.04', '63.10.04.2008', 'Satui Barat'),
('63.10.04.2009', '63.10.04', '63.10.04.2009', 'Sekapuk'),
('63.10.04.2010', '63.10.04', '63.10.04.2010', 'Sungaidanau'),
('63.10.04.2011', '63.10.04', '63.10.04.2011', 'Wonorejo'),
('63.10.04.2012', '63.10.04', '63.10.04.2012', 'Sumber Makmur'),
('63.10.04.2013', '63.10.04', '63.10.04.2013', 'Tegal Sari'),
('63.10.04.2019', '63.10.04', '63.10.04.2019', 'Sumber Arum'),
('63.10.04.2022', '63.10.04', '63.10.04.2022', 'Sejahtera Mulia'),
('63.10.04.2023', '63.10.04', '63.10.04.2023', 'Al Kautsar'),
('63.10.04.2024', '63.10.04', '63.10.04.2024', 'Makmur Mulia'),
('63.10.04.2025', '63.10.04', '63.10.04.2025', 'Sinar Bulan'),
('63.10.04.2026', '63.10.04', '63.10.04.2026', 'Pandamaran Jaya'),
('63.10.05.2001', '63.10.05', '63.10.05.2001', 'Lasung'),
('63.10.05.2002', '63.10.05', '63.10.05.2002', 'Manuntung'),
('63.10.05.2003', '63.10.05', '63.10.05.2003', 'Anjir Baru'),
('63.10.05.2004', '63.10.05', '63.10.05.2004', 'Binawara'),
('63.10.05.2005', '63.10.05', '63.10.05.2005', 'Pacakan'),
('63.10.05.2012', '63.10.05', '63.10.05.2012', 'Sungai Rukam'),
('63.10.05.2015', '63.10.05', '63.10.05.2015', 'Bakarangan'),
('63.10.05.2019', '63.10.05', '63.10.05.2019', 'Karang Mulya'),
('63.10.05.2020', '63.10.05', '63.10.05.2020', 'Harapan Jaya'),
('63.10.05.2021', '63.10.05', '63.10.05.2021', 'Wonorejo'),
('63.10.05.2022', '63.10.05', '63.10.05.2022', 'Karang Sari'),
('63.10.06.1001', '63.10.06', '63.10.06.1001', 'Kampung Baru'),
('63.10.06.1002', '63.10.06', '63.10.06.1002', 'Tungkaran Pangeran'),
('63.10.06.2003', '63.10.06', '63.10.06.2003', 'Sari Gadung'),
('63.10.06.2004', '63.10.06', '63.10.06.2004', 'Mekar Sari'),
('63.10.06.2005', '63.10.06', '63.10.06.2005', 'Sungaidua'),
('63.10.06.2006', '63.10.06', '63.10.06.2006', 'Batu Ampar'),
('63.10.06.2007', '63.10.06', '63.10.06.2007', 'Gunungbesar'),
('63.10.06.2008', '63.10.06', '63.10.06.2008', 'Pulau Burung'),
('63.10.06.2009', '63.10.06', '63.10.06.2009', 'Baroqah'),
('63.10.06.2010', '63.10.06', '63.10.06.2010', 'Bersujud'),
('63.10.06.2011', '63.10.06', '63.10.06.2011', 'Sejahtera'),
('63.10.06.2012', '63.10.06', '63.10.06.2012', 'Gunungantasari'),
('63.10.07.2001', '63.10.07', '63.10.07.2001', 'Karang Bintang'),
('63.10.07.2002', '63.10.07', '63.10.07.2002', 'Pandan Sari'),
('63.10.07.2003', '63.10.07', '63.10.07.2003', 'Rejo Winangun'),
('63.10.07.2004', '63.10.07', '63.10.07.2004', 'Selaselilau'),
('63.10.07.2005', '63.10.07', '63.10.07.2005', 'Pematang Ulin'),
('63.10.07.2006', '63.10.07', '63.10.07.2006', 'Batu Licin Irigasi'),
('63.10.07.2007', '63.10.07', '63.10.07.2007', 'Manunggal'),
('63.10.07.2009', '63.10.07', '63.10.07.2009', 'Sumber Wangi'),
('63.10.07.2010', '63.10.07', '63.10.07.2010', 'Madu Retno'),
('63.10.07.2011', '63.10.07', '63.10.07.2011', 'Maju Sejahtera'),
('63.10.07.2012', '63.10.07', '63.10.07.2012', 'Karang Rejo'),
('63.10.08.2001', '63.10.08', '63.10.08.2001', 'Mantewe'),
('63.10.08.2002', '63.10.08', '63.10.08.2002', 'Dukuh Rejo'),
('63.10.08.2003', '63.10.08', '63.10.08.2003', 'Rejosari'),
('63.10.08.2004', '63.10.08', '63.10.08.2004', 'Suka Damai'),
('63.10.08.2005', '63.10.08', '63.10.08.2005', 'Bulu Rejo'),
('63.10.08.2006', '63.10.08', '63.10.08.2006', 'Sido Mulyo'),
('63.10.08.2008', '63.10.08', '63.10.08.2008', 'Sepakat'),
('63.10.08.2009', '63.10.08', '63.10.08.2009', 'Sari Mulya'),
('63.10.08.2010', '63.10.08', '63.10.08.2010', 'Emil Baru'),
('63.10.08.2011', '63.10.08', '63.10.08.2011', 'Mentawakan Mulia'),
('63.10.08.2012', '63.10.08', '63.10.08.2012', 'Maju Mulyo'),
('63.10.08.2014', '63.10.08', '63.10.08.2014', 'Gunungraya'),
('63.10.09.2001', '63.10.09', '63.10.09.2001', 'Bunati'),
('63.10.09.2002', '63.10.09', '63.10.09.2002', 'Purwodadi'),
('63.10.09.2003', '63.10.09', '63.10.09.2003', 'Sumber Baru'),
('63.10.09.2004', '63.10.09', '63.10.09.2004', 'Karang Indah'),
('63.10.09.2005', '63.10.09', '63.10.09.2005', 'Angsana'),
('63.10.09.2006', '63.10.09', '63.10.09.2006', 'Banjar Sari'),
('63.10.09.2007', '63.10.09', '63.10.09.2007', 'Bayan Sari'),
('63.10.09.2008', '63.10.09', '63.10.09.2008', 'Makmur'),
('63.10.09.2009', '63.10.09', '63.10.09.2009', 'Mekar Jaya'),
('63.10.10.2001', '63.10.10', '63.10.10.2001', 'Giri Mulya'),
('63.10.10.2002', '63.10.10', '63.10.10.2002', 'Kuranji'),
('63.10.10.2003', '63.10.10', '63.10.10.2003', 'Waringin Tunggal'),
('63.10.10.2004', '63.10.10', '63.10.10.2004', 'Mustika'),
('63.10.10.2005', '63.10.10', '63.10.10.2005', 'Indra Lokajaya'),
('63.10.10.2006', '63.10.10', '63.10.10.2006', 'Karang Intan'),
('63.10.10.2007', '63.10.10', '63.10.10.2007', 'Ringkit'),
('63.10.11.2001', '63.10.11', '63.10.11.2001', 'Saring Sungai Bubu'),
('63.10.11.2002', '63.10.11', '63.10.11.2002', 'Saring Sungai Binjai'),
('63.10.11.2003', '63.10.11', '63.10.11.2003', 'Sepunggur'),
('63.10.11.2004', '63.10.11', '63.10.11.2004', 'Serdangan'),
('63.10.11.2005', '63.10.11', '63.10.11.2005', 'Satiung'),
('63.10.11.2006', '63.10.11', '63.10.11.2006', 'Api-Api'),
('63.10.11.2007', '63.10.11', '63.10.11.2007', 'Pakatellu'),
('63.10.11.2008', '63.10.11', '63.10.11.2008', 'Manurung'),
('63.10.11.2009', '63.10.11', '63.10.11.2009', 'Batarang'),
('63.10.11.2010', '63.10.11', '63.10.11.2010', 'Mekar Jaya'),
('63.10.11.2011', '63.10.11', '63.10.11.2011', 'Pulau Tanjung'),
('63.10.11.2012', '63.10.11', '63.10.11.2012', 'UPT Karya Bakti'),
('63.10.11.2013', '63.10.11', '63.10.11.2013', 'Salimuran'),
('63.10.12.2001', '63.10.12', '63.10.12.2001', 'Teluk Kepayang'),
('63.10.12.2002', '63.10.12', '63.10.12.2002', 'Guntung'),
('63.10.12.2003', '63.10.12', '63.10.12.2003', 'Mangkalapi'),
('63.10.12.2004', '63.10.12', '63.10.12.2004', 'Timbarau Panjang'),
('63.10.12.2005', '63.10.12', '63.10.12.2005', 'Darasan Binjai'),
('63.10.12.2006', '63.10.12', '63.10.12.2006', 'Tapus'),
('63.10.12.2007', '63.10.12', '63.10.12.2007', 'Hati\'if'),
('63.10.12.2008', '63.10.12', '63.10.12.2008', 'Batu Bulan'),
('63.10.12.2009', '63.10.12', '63.10.12.2009', 'Tamunih'),
('63.10.12.2010', '63.10.12', '63.10.12.2010', 'Dadap Kusan Raya'),
('63.11.01.2001', '63.11.01', '63.11.01.2001', 'Muara Ninian'),
('63.11.01.2002', '63.11.01', '63.11.01.2002', 'Hamarung'),
('63.11.01.2003', '63.11.01', '63.11.01.2003', 'Juai'),
('63.11.01.2004', '63.11.01', '63.11.01.2004', 'Buntu Karau'),
('63.11.01.2005', '63.11.01', '63.11.01.2005', 'Bata'),
('63.11.01.2006', '63.11.01', '63.11.01.2006', 'Galumbang'),
('63.11.01.2007', '63.11.01', '63.11.01.2007', 'Sungai Batung'),
('63.11.01.2008', '63.11.01', '63.11.01.2008', 'Sirap'),
('63.11.01.2009', '63.11.01', '63.11.01.2009', 'Tigarun'),
('63.11.01.2010', '63.11.01', '63.11.01.2010', 'Teluk Bayur'),
('63.11.01.2011', '63.11.01', '63.11.01.2011', 'Pamurus'),
('63.11.01.2012', '63.11.01', '63.11.01.2012', 'Marias'),
('63.11.01.2013', '63.11.01', '63.11.01.2013', 'Lalayau'),
('63.11.01.2014', '63.11.01', '63.11.01.2014', 'Mihu'),
('63.11.01.2015', '63.11.01', '63.11.01.2015', 'Hukai'),
('63.11.01.2016', '63.11.01', '63.11.01.2016', 'Tawahan'),
('63.11.01.2017', '63.11.01', '63.11.01.2017', 'Gulinggang'),
('63.11.01.2018', '63.11.01', '63.11.01.2018', 'Mungkur Uyam'),
('63.11.01.2019', '63.11.01', '63.11.01.2019', 'Panimbaan'),
('63.11.01.2020', '63.11.01', '63.11.01.2020', 'Wonorejo'),
('63.11.01.2021', '63.11.01', '63.11.01.2021', 'Sumber Rejeki'),
('63.11.02.2001', '63.11.02', '63.11.02.2001', 'Hauwai'),
('63.11.02.2002', '63.11.02', '63.11.02.2002', 'Bangkal'),
('63.11.02.2003', '63.11.02', '63.11.02.2003', 'Mantuyan'),
('63.11.02.2004', '63.11.02', '63.11.02.2004', 'Tabuan'),
('63.11.02.2005', '63.11.02', '63.11.02.2005', 'Halong'),
('63.11.02.2008', '63.11.02', '63.11.02.2008', 'Puyun'),
('63.11.02.2009', '63.11.02', '63.11.02.2009', 'Buntu Pilanduk'),
('63.11.02.2010', '63.11.02', '63.11.02.2010', 'Gunung Riut'),
('63.11.02.2011', '63.11.02', '63.11.02.2011', 'Kapul'),
('63.11.02.2012', '63.11.02', '63.11.02.2012', 'Mamantang'),
('63.11.02.2013', '63.11.02', '63.11.02.2013', 'Binjai Punggal'),
('63.11.02.2014', '63.11.02', '63.11.02.2014', 'Liyu'),
('63.11.02.2015', '63.11.02', '63.11.02.2015', 'Binuang Santang'),
('63.11.02.2016', '63.11.02', '63.11.02.2016', 'Aniungan'),
('63.11.02.2017', '63.11.02', '63.11.02.2017', 'Binju'),
('63.11.02.2018', '63.11.02', '63.11.02.2018', 'Karya'),
('63.11.02.2019', '63.11.02', '63.11.02.2019', 'Uren'),
('63.11.02.2020', '63.11.02', '63.11.02.2020', 'Marajai'),
('63.11.02.2021', '63.11.02', '63.11.02.2021', 'Suryatama'),
('63.11.02.2022', '63.11.02', '63.11.02.2022', 'Baruh Panyambaran'),
('63.11.02.2023', '63.11.02', '63.11.02.2023', 'Mauya'),
('63.11.02.2024', '63.11.02', '63.11.02.2024', 'Padang Raya'),
('63.11.02.2025', '63.11.02', '63.11.02.2025', 'Sumber Agung'),
('63.11.02.2026', '63.11.02', '63.11.02.2026', 'Mamigang'),
('63.11.03.2004', '63.11.03', '63.11.03.2004', 'Bihara'),
('63.11.03.2005', '63.11.03', '63.11.03.2005', 'Pematang'),
('63.11.03.2006', '63.11.03', '63.11.03.2006', 'Merah'),
('63.11.03.2007', '63.11.03', '63.11.03.2007', 'Awayan'),
('63.11.03.2008', '63.11.03', '63.11.03.2008', 'Pudak'),
('63.11.03.2009', '63.11.03', '63.11.03.2009', 'Badalungga'),
('63.11.03.2010', '63.11.03', '63.11.03.2010', 'Tundakan'),
('63.11.03.2011', '63.11.03', '63.11.03.2011', 'Sikontan'),
('63.11.03.2012', '63.11.03', '63.11.03.2012', 'Pulantan'),
('63.11.03.2013', '63.11.03', '63.11.03.2013', 'Tundi'),
('63.11.03.2014', '63.11.03', '63.11.03.2014', 'Muara Jaya'),
('63.11.03.2016', '63.11.03', '63.11.03.2016', 'Bihara Hilir'),
('63.11.03.2018', '63.11.03', '63.11.03.2018', 'Baru'),
('63.11.03.2020', '63.11.03', '63.11.03.2020', 'Awayan Hilir'),
('63.11.03.2021', '63.11.03', '63.11.03.2021', 'Putat Basiun'),
('63.11.03.2022', '63.11.03', '63.11.03.2022', 'Sei Pumpung'),
('63.11.03.2024', '63.11.03', '63.11.03.2024', 'Badalungga Hilir'),
('63.11.03.2025', '63.11.03', '63.11.03.2025', 'Nungka'),
('63.11.03.2026', '63.11.03', '63.11.03.2026', 'Tangalin'),
('63.11.03.2027', '63.11.03', '63.11.03.2027', 'Kedondong'),
('63.11.03.2029', '63.11.03', '63.11.03.2029', 'Baramban'),
('63.11.03.2031', '63.11.03', '63.11.03.2031', 'Ambakiang'),
('63.11.03.2032', '63.11.03', '63.11.03.2032', 'Piyait'),
('63.11.04.2001', '63.11.04', '63.11.04.2001', 'Tariwin'),
('63.11.04.2002', '63.11.04', '63.11.04.2002', 'Lok Batu'),
('63.11.04.2003', '63.11.04', '63.11.04.2003', 'Munjung'),
('63.11.04.2004', '63.11.04', '63.11.04.2004', 'Pelajau'),
('63.11.04.2005', '63.11.04', '63.11.04.2005', 'Batumandi'),
('63.11.04.2006', '63.11.04', '63.11.04.2006', 'Riwa'),
('63.11.04.2007', '63.11.04', '63.11.04.2007', 'Mantimin'),
('63.11.04.2008', '63.11.04', '63.11.04.2008', 'Mampari'),
('63.11.04.2009', '63.11.04', '63.11.04.2009', 'Bungur'),
('63.11.04.2010', '63.11.04', '63.11.04.2010', 'Teluk Mesjid'),
('63.11.04.2011', '63.11.04', '63.11.04.2011', 'Timbun Tulang'),
('63.11.04.2012', '63.11.04', '63.11.04.2012', 'Banua Hanyar'),
('63.11.04.2013', '63.11.04', '63.11.04.2013', 'Bakung'),
('63.11.04.2014', '63.11.04', '63.11.04.2014', 'Karuh'),
('63.11.04.2015', '63.11.04', '63.11.04.2015', 'Guha'),
('63.11.04.2016', '63.11.04', '63.11.04.2016', 'Gunung Manau'),
('63.11.04.2017', '63.11.04', '63.11.04.2017', 'Hampa Raya'),
('63.11.04.2018', '63.11.04', '63.11.04.2018', 'Kasai'),
('63.11.05.2001', '63.11.05', '63.11.05.2001', 'Tanah Habang Kiri'),
('63.11.05.2002', '63.11.05', '63.11.05.2002', 'Panaitan'),
('63.11.05.2003', '63.11.05', '63.11.05.2003', 'Tanah Habang Kanan'),
('63.11.05.2004', '63.11.05', '63.11.05.2004', 'Batu Merah'),
('63.11.05.2005', '63.11.05', '63.11.05.2005', 'Lampihong Kanan'),
('63.11.05.2006', '63.11.05', '63.11.05.2006', 'Lampihong Selatan'),
('63.11.05.2007', '63.11.05', '63.11.05.2007', 'Lampihong Kiri'),
('63.11.05.2008', '63.11.05', '63.11.05.2008', 'Lajar'),
('63.11.05.2009', '63.11.05', '63.11.05.2009', 'Kusambi Hulu'),
('63.11.05.2010', '63.11.05', '63.11.05.2010', 'Kusambi Hilir'),
('63.11.05.2011', '63.11.05', '63.11.05.2011', 'Simpang Tiga'),
('63.11.05.2012', '63.11.05', '63.11.05.2012', 'Matang Lurus'),
('63.11.05.2013', '63.11.05', '63.11.05.2013', 'Lok Hamawang'),
('63.11.05.2014', '63.11.05', '63.11.05.2014', 'Kupang'),
('63.11.05.2015', '63.11.05', '63.11.05.2015', 'Tampang'),
('63.11.05.2016', '63.11.05', '63.11.05.2016', 'Matang Hanau'),
('63.11.05.2017', '63.11.05', '63.11.05.2017', 'Lok Panginangan'),
('63.11.05.2018', '63.11.05', '63.11.05.2018', 'Jungkal'),
('63.11.05.2019', '63.11.05', '63.11.05.2019', 'Sungai Tabuk'),
('63.11.05.2020', '63.11.05', '63.11.05.2020', 'Jimamun'),
('63.11.05.2021', '63.11.05', '63.11.05.2021', 'Pimping'),
('63.11.05.2022', '63.11.05', '63.11.05.2022', 'Hilir Pasar'),
('63.11.05.2023', '63.11.05', '63.11.05.2023', 'Teluk Karya'),
('63.11.05.2024', '63.11.05', '63.11.05.2024', 'Pupuyuan'),
('63.11.05.2025', '63.11.05', '63.11.05.2025', 'Sungai Awang'),
('63.11.05.2026', '63.11.05', '63.11.05.2026', 'Kandang Jaya'),
('63.11.05.2027', '63.11.05', '63.11.05.2027', 'Mundar'),
('63.11.06.1019', '63.11.06', '63.11.06.1019', 'Paringin Timur'),
('63.11.06.1023', '63.11.06', '63.11.06.1023', 'Paringin Kota'),
('63.11.06.2005', '63.11.06', '63.11.06.2005', 'Balang'),
('63.11.06.2006', '63.11.06', '63.11.06.2006', 'Kalahiang'),
('63.11.06.2007', '63.11.06', '63.11.06.2007', 'Lasung Batu'),
('63.11.06.2008', '63.11.06', '63.11.06.2008', 'Paran'),
('63.11.06.2009', '63.11.06', '63.11.06.2009', 'Layap'),
('63.11.06.2012', '63.11.06', '63.11.06.2012', 'Murung Ilung'),
('63.11.06.2013', '63.11.06', '63.11.06.2013', 'Mangkayahu'),
('63.11.06.2014', '63.11.06', '63.11.06.2014', 'Lok Batung'),
('63.11.06.2015', '63.11.06', '63.11.06.2015', 'Lamida Bawah'),
('63.11.06.2017', '63.11.06', '63.11.06.2017', 'Dahai'),
('63.11.06.2022', '63.11.06', '63.11.06.2022', 'Hujan Mas'),
('63.11.06.2024', '63.11.06', '63.11.06.2024', 'Babayau'),
('63.11.06.2034', '63.11.06', '63.11.06.2034', 'Balida'),
('63.11.06.2038', '63.11.06', '63.11.06.2038', 'Sungai Ketapi'),
('63.11.07.1001', '63.11.07', '63.11.07.1001', 'Batu Piring'),
('63.11.07.2002', '63.11.07', '63.11.07.2002', 'Baruh Bahinu Luar'),
('63.11.07.2003', '63.11.07', '63.11.07.2003', 'Inan'),
('63.11.07.2004', '63.11.07', '63.11.07.2004', 'Baruh Bahinu Dalam'),
('63.11.07.2005', '63.11.07', '63.11.07.2005', 'Panggung'),
('63.11.07.2006', '63.11.07', '63.11.07.2006', 'Galumbang'),
('63.11.07.2007', '63.11.07', '63.11.07.2007', 'Halubau'),
('63.11.07.2008', '63.11.07', '63.11.07.2008', 'Binjai'),
('63.11.07.2009', '63.11.07', '63.11.07.2009', 'Murung Abuin'),
('63.11.07.2010', '63.11.07', '63.11.07.2010', 'Bungin'),
('63.11.07.2011', '63.11.07', '63.11.07.2011', 'Maradap'),
('63.11.07.2012', '63.11.07', '63.11.07.2012', 'Halubau Utara'),
('63.11.07.2013', '63.11.07', '63.11.07.2013', 'Murung Jambu'),
('63.11.07.2014', '63.11.07', '63.11.07.2014', 'Telaga Purun'),
('63.11.07.2015', '63.11.07', '63.11.07.2015', 'Lingsir'),
('63.11.07.2016', '63.11.07', '63.11.07.2016', 'Tarangan'),
('63.11.08.2001', '63.11.08', '63.11.08.2001', 'Dayak Pitap'),
('63.11.08.2002', '63.11.08', '63.11.08.2002', 'Tebing Tinggi'),
('63.11.08.2003', '63.11.08', '63.11.08.2003', 'Sungsum'),
('63.11.08.2004', '63.11.08', '63.11.08.2004', 'Ju\'uh'),
('63.11.08.2005', '63.11.08', '63.11.08.2005', 'Mayanau'),
('63.11.08.2006', '63.11.08', '63.11.08.2006', 'Simpang Bumbuan'),
('63.11.08.2007', '63.11.08', '63.11.08.2007', 'Auh'),
('63.11.08.2008', '63.11.08', '63.11.08.2008', 'Gunung Batu'),
('63.11.08.2009', '63.11.08', '63.11.08.2009', 'Langkap'),
('63.11.08.2010', '63.11.08', '63.11.08.2010', 'Simpang Nadong'),
('63.11.08.2011', '63.11.08', '63.11.08.2011', 'Ajung'),
('63.11.08.2012', '63.11.08', '63.11.08.2012', 'Kambiyain'),
('63.71.01.1001', '63.71.01', '63.71.01.1001', 'Mantuil'),
('63.71.01.1002', '63.71.01', '63.71.01.1002', 'Kelayan Selatan'),
('63.71.01.1003', '63.71.01', '63.71.01.1003', 'Pekauman'),
('63.71.01.1004', '63.71.01', '63.71.01.1004', 'Kelayan Barat'),
('63.71.01.1005', '63.71.01', '63.71.01.1005', 'Kelayan Tengah'),
('63.71.01.1006', '63.71.01', '63.71.01.1006', 'Kelayan Dalam'),
('63.71.01.1007', '63.71.01', '63.71.01.1007', 'Murung Raya'),
('63.71.01.1008', '63.71.01', '63.71.01.1008', 'Kelayan Timur'),
('63.71.01.1009', '63.71.01', '63.71.01.1009', 'Tanjung Pagar'),
('63.71.01.1010', '63.71.01', '63.71.01.1010', 'Pemurus Dalam'),
('63.71.01.1011', '63.71.01', '63.71.01.1011', 'Pemurus Baru'),
('63.71.01.1012', '63.71.01', '63.71.01.1012', 'Basirih Selatan'),
('63.71.02.1001', '63.71.02', '63.71.02.1001', 'Kuripan'),
('63.71.02.1002', '63.71.02', '63.71.02.1002', 'Kebun Bunga'),
('63.71.02.1003', '63.71.02', '63.71.02.1003', 'Karang Mekar'),
('63.71.02.1004', '63.71.02', '63.71.02.1004', 'Sungai Bilu'),
('63.71.02.1005', '63.71.02', '63.71.02.1005', 'Sungai Lulut'),
('63.71.02.1006', '63.71.02', '63.71.02.1006', 'Banua Anyar'),
('63.71.02.1007', '63.71.02', '63.71.02.1007', 'Pengambangan'),
('63.71.02.1008', '63.71.02', '63.71.02.1008', 'Pekapuran Raya'),
('63.71.02.1009', '63.71.02', '63.71.02.1009', 'Pemurus Luar'),
('63.71.03.1001', '63.71.03', '63.71.03.1001', 'Belitung Utara'),
('63.71.03.1002', '63.71.03', '63.71.03.1002', 'Belitung Selatan'),
('63.71.03.1003', '63.71.03', '63.71.03.1003', 'Pelambuan'),
('63.71.03.1004', '63.71.03', '63.71.03.1004', 'Telaga Biru'),
('63.71.03.1005', '63.71.03', '63.71.03.1005', 'Telawang'),
('63.71.03.1006', '63.71.03', '63.71.03.1006', 'Teluk Tiram'),
('63.71.03.1007', '63.71.03', '63.71.03.1007', 'Kuin Selatan'),
('63.71.03.1008', '63.71.03', '63.71.03.1008', 'Kuin Cerucuk'),
('63.71.03.1009', '63.71.03', '63.71.03.1009', 'Basirih'),
('63.71.04.1001', '63.71.04', '63.71.04.1001', 'Alalak Tengah'),
('63.71.04.1002', '63.71.04', '63.71.04.1002', 'Alalak Utara'),
('63.71.04.1003', '63.71.04', '63.71.04.1003', 'Alalak Selatan'),
('63.71.04.1004', '63.71.04', '63.71.04.1004', 'Sungai Jingah'),
('63.71.04.1005', '63.71.04', '63.71.04.1005', 'Sungai Miai'),
('63.71.04.1006', '63.71.04', '63.71.04.1006', 'Surgi Mufti'),
('63.71.04.1007', '63.71.04', '63.71.04.1007', 'Pangeran'),
('63.71.04.1008', '63.71.04', '63.71.04.1008', 'Antasan Kecil Timur'),
('63.71.04.1009', '63.71.04', '63.71.04.1009', 'Kuin Utara'),
('63.71.04.1010', '63.71.04', '63.71.04.1010', 'Sungai Andai'),
('63.71.05.1001', '63.71.05', '63.71.05.1001', 'Kertak Baru Ilir'),
('63.71.05.1002', '63.71.05', '63.71.05.1002', 'Kertak Baru Ulu'),
('63.71.05.1003', '63.71.05', '63.71.05.1003', 'Mawar'),
('63.71.05.1004', '63.71.05', '63.71.05.1004', 'Teluk Dalam'),
('63.71.05.1005', '63.71.05', '63.71.05.1005', 'Antasan Besar'),
('63.71.05.1006', '63.71.05', '63.71.05.1006', 'Pasar Lama'),
('63.71.05.1007', '63.71.05', '63.71.05.1007', 'Seberang Mesjid'),
('63.71.05.1008', '63.71.05', '63.71.05.1008', 'Gadang'),
('63.71.05.1009', '63.71.05', '63.71.05.1009', 'Melayu'),
('63.71.05.1010', '63.71.05', '63.71.05.1010', 'Sungai Baru'),
('63.71.05.1011', '63.71.05', '63.71.05.1011', 'Pekapuran Laut'),
('63.71.05.1012', '63.71.05', '63.71.05.1012', 'Kelayan Luar'),
('63.72.02.1003', '63.72.02', '63.72.02.1003', 'Landasan Ulin Timur'),
('63.72.02.1004', '63.72.02', '63.72.02.1004', 'Guntung Payung'),
('63.72.02.1005', '63.72.02', '63.72.02.1005', 'Guntung Manggis'),
('63.72.02.1006', '63.72.02', '63.72.02.1006', 'Syamsudin Noor'),
('63.72.03.1001', '63.72.03', '63.72.03.1001', 'Palam'),
('63.72.03.1002', '63.72.03', '63.72.03.1002', 'Bangkal'),
('63.72.03.1003', '63.72.03', '63.72.03.1003', 'Sungai Tiung'),
('63.72.03.1004', '63.72.03', '63.72.03.1004', 'Cempaka'),
('63.72.04.1001', '63.72.04', '63.72.04.1001', 'Loktabat Utara'),
('63.72.04.1002', '63.72.04', '63.72.04.1002', 'Mentaos'),
('63.72.04.1003', '63.72.04', '63.72.04.1003', 'Komet'),
('63.72.04.1004', '63.72.04', '63.72.04.1004', 'Sungai Ulin'),
('63.72.05.1001', '63.72.05', '63.72.05.1001', 'Sungai Besar'),
('63.72.05.1002', '63.72.05', '63.72.05.1002', 'Laktabat Selatan'),
('63.72.05.1003', '63.72.05', '63.72.05.1003', 'Kemuning'),
('63.72.05.1004', '63.72.05', '63.72.05.1004', 'Guntung Paikat'),
('63.72.06.1001', '63.72.06', '63.72.06.1001', 'Landasan Ulin Barat'),
('63.72.06.1002', '63.72.06', '63.72.06.1002', 'Landasan Ulin Tengah'),
('63.72.06.1003', '63.72.06', '63.72.06.1003', 'Landasan Ulin Utara'),
('63.72.06.1004', '63.72.06', '63.72.06.1004', 'Landasan Ulin Selatan');

-- --------------------------------------------------------

--
-- Struktur dari tabel `kota_kabupaten`
--

CREATE TABLE `kota_kabupaten` (
  `id` varchar(36) NOT NULL,
  `id_provinsi` varchar(36) NOT NULL,
  `kode` varchar(50) NOT NULL,
  `nama` varchar(255) NOT NULL
) ENGINE=InnoDB DEFAULT CHARSET=utf8mb4 COLLATE=utf8mb4_general_ci;

--
-- Dumping data untuk tabel `kota_kabupaten`
--

INSERT INTO `kota_kabupaten` (`id`, `id_provinsi`, `kode`, `nama`) VALUES
('63.01', '63', '63.01', 'KAB. TANAH LAUT'),
('63.02', '63', '63.02', 'KAB. KOTABARU'),
('63.03', '63', '63.03', 'KAB. BANJAR'),
('63.04', '63', '63.04', 'KAB. BARITO KUALA'),
('63.05', '63', '63.05', 'KAB. TAPIN'),
('63.06', '63', '63.06', 'KAB. HULU SUNGAI SELATAN'),
('63.07', '63', '63.07', 'KAB. HULU SUNGAI TENGAH'),
('63.08', '63', '63.08', 'KAB. HULU SUNGAI UTARA'),
('63.09', '63', '63.09', 'KAB. TABALONG'),
('63.10', '63', '63.10', 'KAB. TANAH BUMBU'),
('63.11', '63', '63.11', 'KAB. BALANGAN'),
('63.71', '63', '63.71', 'KOTA BANJARMASIN'),
('63.72', '63', '63.72', 'KOTA BANJARBARU');

-- --------------------------------------------------------

--
-- Struktur dari tabel `provinsi`
--

CREATE TABLE `provinsi` (
  `id` varchar(36) NOT NULL,
  `kode` varchar(50) NOT NULL,
  `nama` varchar(255) NOT NULL
) ENGINE=InnoDB DEFAULT CHARSET=utf8mb4 COLLATE=utf8mb4_general_ci;

--
-- Dumping data untuk tabel `provinsi`
--

INSERT INTO `provinsi` (`id`, `kode`, `nama`) VALUES
('63', '63', 'KALIMANTAN SELATAN');

-- --------------------------------------------------------

--
-- Struktur dari tabel `riwayat_pemakaian_mobil`
--

CREATE TABLE `riwayat_pemakaian_mobil` (
  `id` int(11) NOT NULL,
  `nomor_kendaraan` varchar(10) DEFAULT NULL,
  `tanggal_pemakaian` date DEFAULT NULL,
  `kilometer_awal` int(11) DEFAULT NULL,
  `kilometer_akhir` int(11) DEFAULT NULL,
  `jarak_tempuh` int(11) DEFAULT NULL,
  `id_driver` int(11) DEFAULT NULL,
  `nama_driver` varchar(50) DEFAULT NULL,
  `rute` varchar(100) DEFAULT NULL
) ENGINE=InnoDB DEFAULT CHARSET=utf8mb4 COLLATE=utf8mb4_general_ci;

-- --------------------------------------------------------

--
-- Struktur dari tabel `riwayat_pengiriman_driver`
--

CREATE TABLE `riwayat_pengiriman_driver` (
  `id` int(11) NOT NULL,
  `id_driver` int(11) DEFAULT NULL,
  `tanggal_pengiriman` date DEFAULT NULL,
  `nomor_kendaraan` varchar(10) DEFAULT NULL,
  `km_awal` int(11) NOT NULL,
  `km_akhir` int(100) NOT NULL,
  `total_jarak_tempuh` int(11) NOT NULL,
  `rute` varchar(100) DEFAULT NULL,
  `jumlah_pengiriman` int(11) DEFAULT NULL
) ENGINE=InnoDB DEFAULT CHARSET=utf8mb4 COLLATE=utf8mb4_general_ci;

--
-- Dumping data untuk tabel `riwayat_pengiriman_driver`
--

INSERT INTO `riwayat_pengiriman_driver` (`id`, `id_driver`, `tanggal_pengiriman`, `nomor_kendaraan`, `km_awal`, `km_akhir`, `total_jarak_tempuh`, `rute`, `jumlah_pengiriman`) VALUES
(0, 300, '2023-06-01', '4265', 51, 6161, 15, 'bjb', 10);

-- --------------------------------------------------------

--
-- Struktur dari tabel `riwayat_servis`
--

CREATE TABLE `riwayat_servis` (
  `id_servis` int(11) NOT NULL,
  `no_plat` varchar(11) NOT NULL,
  `tanggal_servis` date DEFAULT NULL,
  `keterangan` text DEFAULT NULL,
  `estimasi` text NOT NULL,
  `biaya` text DEFAULT NULL
) ENGINE=InnoDB DEFAULT CHARSET=utf8mb4 COLLATE=utf8mb4_general_ci;

--
-- Dumping data untuk tabel `riwayat_servis`
--

INSERT INTO `riwayat_servis` (`id_servis`, `no_plat`, `tanggal_servis`, `keterangan`, `estimasi`, `biaya`) VALUES
(80098, 'JK 7890 LM', '0000-00-00', 'ok', '2023-06-07', '100.000'),
(80099, 'JK 7890 LM', '0000-00-00', 'ok', '2023-06-07', '100.000'),
(80100, 'JK 7890 LM', '2023-07-13', 'kampas rem', '2023-07-19', '30'),
(80101, 'AB 1234 CM', '2023-07-10', 'GANTI LAMPU', '2023-07-17', '300.000'),
(80102, 'AB 1234 CM', '2023-07-26', 'oli', '2023-07-27', '50000'),
(80103, 'FG 3456 HI', '2023-07-14', 'AC', '2023-07-19', '150.000'),
(80104, 'BC 5678 EF', '2023-07-20', 'Lampu Depan', '2023-07-27', '200.000'),
(80105, 'JK 7890 LM', '2023-07-22', 'oli', '2023-07-23', '80.000');

-- --------------------------------------------------------

--
-- Struktur dari tabel `tb_admin`
--

CREATE TABLE `tb_admin` (
  `id` int(11) NOT NULL,
  `nama` varchar(100) NOT NULL,
  `nik` int(11) NOT NULL,
  `password` varchar(100) NOT NULL
) ENGINE=InnoDB DEFAULT CHARSET=utf8mb4 COLLATE=utf8mb4_general_ci;

--
-- Dumping data untuk tabel `tb_admin`
--

INSERT INTO `tb_admin` (`id`, `nama`, `nik`, `password`) VALUES
(6, 'rapi', 123, '$2y$10$4dC/U8WPU50t2UkjQovOGecN.KFuI07S2Kvyc9VzV.78MugogOQYO'),
(12, 'Agus', 526341, '$2y$10$4dC/U8WPU50t2UkjQovOGecN.KFuI07S2Kvyc9VzV.78MugogOQYO');

-- --------------------------------------------------------

--
-- Struktur dari tabel `tb_armada`
--

CREATE TABLE `tb_armada` (
  `id` int(11) NOT NULL,
  `no_plat` varchar(11) NOT NULL,
  `type_armada` enum('HINO','TAYO','KUDA','') NOT NULL,
  `tahun` text NOT NULL
) ENGINE=InnoDB DEFAULT CHARSET=utf8mb4 COLLATE=utf8mb4_general_ci;

--
-- Dumping data untuk tabel `tb_armada`
--

INSERT INTO `tb_armada` (`id`, `no_plat`, `type_armada`, `tahun`) VALUES
(1, 'AB 1234 CM', 'HINO', '2018'),
(2, 'JK 7890 LM', 'TAYO', '2015'),
(3, 'FG 3456 HI', 'HINO', '2000'),
(4, 'BC 5678 EF', 'KUDA', '2001');

-- --------------------------------------------------------

--
-- Struktur dari tabel `tb_barang`
--

CREATE TABLE `tb_barang` (
  `kode_brg` int(11) NOT NULL,
  `nama_brg` varchar(100) NOT NULL,
  `id_dep` int(11) NOT NULL,
  `restok` int(11) NOT NULL,
  `jumlah_brg` varchar(200) NOT NULL
) ENGINE=InnoDB DEFAULT CHARSET=utf8mb4 COLLATE=utf8mb4_general_ci;

--
-- Dumping data untuk tabel `tb_barang`
--

INSERT INTO `tb_barang` (`kode_brg`, `nama_brg`, `id_dep`, `restok`, `jumlah_brg`) VALUES
(151, 'Meja Makan', 8001, 5, '130'),
(152, 'Kursi Sofa', 8002, 10, '500'),
(153, 'Lemari Pakaian', 8000, 10, '400'),
(154, 'Rak Buku', 8000, 5, '250'),
(155, 'Meja Rias', 8000, 15, '260'),
(156, 'Kursi Kantor', 8003, 10, '350'),
(157, 'Sofa Bed', 8002, 5, '125'),
(158, 'Meja TV', 8002, 20, '400'),
(159, 'Kasur Springbed', 8000, 10, '497'),
(160, 'Lemari TV', 8002, 20, '300'),
(161, 'Meja Belajar', 8003, 5, '200'),
(162, 'Kursi Makan', 8001, 15, '147'),
(163, 'Lemari Baju', 8000, 10, '95'),
(164, 'Rak Sepatu', 8000, 15, '50'),
(165, 'Kursi Santai', 0, 20, '0');

-- --------------------------------------------------------

--
-- Struktur dari tabel `tb_cekin`
--

CREATE TABLE `tb_cekin` (
  `id_cekin` int(11) NOT NULL,
  `id_pengiriman` int(11) NOT NULL,
  `dari` varchar(255) DEFAULT NULL,
  `tujuan` varchar(255) DEFAULT NULL,
  `km_berangkat` text DEFAULT NULL,
  `jam_berangkat` time DEFAULT NULL
) ENGINE=InnoDB DEFAULT CHARSET=utf8mb4 COLLATE=utf8mb4_general_ci;

--
-- Dumping data untuk tabel `tb_cekin`
--

INSERT INTO `tb_cekin` (`id_cekin`, `id_pengiriman`, `dari`, `tujuan`, `km_berangkat`, `jam_berangkat`) VALUES
(8, 400071, 'gudang', 'banjrmasin', '10', '21:10:00'),
(9, 400070, 'pal 15', 'banjrmasin', '10', '23:13:00'),
(10, 400073, 'banjarmasin', 'bjb', '10', '00:57:00'),
(11, 400087, 'a', 'b', '12', '19:42:00'),
(12, 400088, 'gudang', 'banjarmasin', '12', '00:50:00'),
(13, 400088, 'pal 15', 'bjm', '13', '00:54:00'),
(14, 400094, '', '', '', '20:22:00');

-- --------------------------------------------------------

--
-- Struktur dari tabel `tb_cekout`
--

CREATE TABLE `tb_cekout` (
  `id_cekout` int(11) NOT NULL,
  `id_pengiriman` int(11) NOT NULL,
  `km_tiba` int(11) DEFAULT NULL,
  `jam_tiba` time DEFAULT NULL,
  `status` enum('TERKIRIM','PENDING') DEFAULT NULL,
  `keterangan` text DEFAULT NULL,
  `foto` varchar(11) DEFAULT NULL
) ENGINE=InnoDB DEFAULT CHARSET=utf8mb4 COLLATE=utf8mb4_general_ci;

--
-- Dumping data untuk tabel `tb_cekout`
--

INSERT INTO `tb_cekout` (`id_cekout`, `id_pengiriman`, `km_tiba`, `jam_tiba`, `status`, `keterangan`, `foto`) VALUES
(11, 400070, 123, '22:25:00', 'TERKIRIM', 'ok', '1.png'),
(12, 400073, 123, '00:57:00', 'TERKIRIM', 'ok', '1.jpg'),
(13, 400087, 13, '19:42:00', 'TERKIRIM', 'ok', '1.jpg'),
(15, 400088, 13, '00:51:00', 'TERKIRIM', 'ok', '3.jpg'),
(17, 400094, 13, '20:22:00', 'TERKIRIM', 'ok', '1.jpg');

-- --------------------------------------------------------

--
-- Struktur dari tabel `tb_customer`
--

CREATE TABLE `tb_customer` (
  `id_cust` int(11) NOT NULL,
  `nama_cust` varchar(100) NOT NULL,
  `no_telpon` text NOT NULL,
  `alamat_cust` varchar(100) NOT NULL,
  `kecamatan` text NOT NULL,
  `rute` text NOT NULL
) ENGINE=InnoDB DEFAULT CHARSET=utf8mb4 COLLATE=utf8mb4_general_ci;

--
-- Dumping data untuk tabel `tb_customer`
--

INSERT INTO `tb_customer` (`id_cust`, `nama_cust`, `no_telpon`, `alamat_cust`, `kecamatan`, `rute`) VALUES
(2015, 'Dono', '081298765433', 'PAL 7', 'Banjarmasin Barat', 'BJM'),
(2016, 'BUDI', '081250523426', 'BJM', 'Banjarmasin Utara', 'BJM'),
(2018, 'japri', '08125056541', 'BJM', 'Liang Anggang', 'BJB'),
(2021, 'paman', '081234567893', 'JL.KAYU TANGI', 'Banjarmasin Barat', 'BJM'),
(2024, 'Malik', '081234567893', 'TANAH LAUT', 'Bati Bati', 'LUAR KOTA'),
(2026, 'didik', '081250523426', 'Asam-asam', 'Kintap', 'LUAR KOTA'),
(2028, 'Agus', '081256479823', 'Jalan Gatot Subroto No. 15, angsana', 'Angsana', 'LUAR KOTA');

-- --------------------------------------------------------

--
-- Struktur dari tabel `tb_cus_royal`
--

CREATE TABLE `tb_cus_royal` (
  `id` int(11) NOT NULL,
  `nama` int(11) NOT NULL,
  `jmlah_transaksi` int(11) NOT NULL,
  `total_pembelian` int(11) NOT NULL
) ENGINE=InnoDB DEFAULT CHARSET=utf8mb4 COLLATE=utf8mb4_general_ci;

-- --------------------------------------------------------

--
-- Struktur dari tabel `tb_departemen`
--

CREATE TABLE `tb_departemen` (
  `id_dep` int(11) NOT NULL,
  `nama` varchar(100) NOT NULL
) ENGINE=InnoDB DEFAULT CHARSET=utf8mb4 COLLATE=utf8mb4_general_ci;

--
-- Dumping data untuk tabel `tb_departemen`
--

INSERT INTO `tb_departemen` (`id_dep`, `nama`) VALUES
(8000, 'KAMAR TIDUR'),
(8001, 'DAPUR DAN RUANG MAKAN'),
(8002, 'RUANG TAMU'),
(8003, 'RUANG KERJA');

-- --------------------------------------------------------

--
-- Struktur dari tabel `tb_driver`
--

CREATE TABLE `tb_driver` (
  `id_driver` int(11) NOT NULL,
  `nik` int(5) NOT NULL,
  `nama_driver` varchar(100) NOT NULL,
  `tanggal_lahir` date NOT NULL,
  `jabatan` enum('DRIVER','') NOT NULL,
  `sim` enum('SIM A','SIM B1','SIM B2','') NOT NULL,
  `berlaku_sim` date NOT NULL,
  `alamat_driver` varchar(100) NOT NULL,
  `password` varchar(100) NOT NULL
) ENGINE=InnoDB DEFAULT CHARSET=utf8mb4 COLLATE=utf8mb4_general_ci;

--
-- Dumping data untuk tabel `tb_driver`
--

INSERT INTO `tb_driver` (`id_driver`, `nik`, `nama_driver`, `tanggal_lahir`, `jabatan`, `sim`, `berlaku_sim`, `alamat_driver`, `password`) VALUES
(3, 23456, 'Doni Prasetyo s', '1985-07-10', 'DRIVER', 'SIM A', '1985-07-10', 'Jalan Maju 789', '$2y$10$R1G8QXHO/zulS/AVfX.TFuWebHaKgh9biRLubmU/tEhbJ0a9qrtaO'),
(4, 56789, 'Ahmad Santoso', '1992-04-20', 'DRIVER', 'SIM B1', '1992-04-20', 'Jalan Baru 321', '$2y$10$R1G8QXHO/zulS/AVfX.TFuWebHaKgh9biRLubmU/tEhbJ0a9qrtaO'),
(6, 34567, 'Hadi Pranata', '1993-09-25', 'DRIVER', 'SIM A', '2023-09-25', 'Jalan Damai 890', '$2y$10$R1G8QXHO/zulS/AVfX.TFuWebHaKgh9biRLubmU/tEhbJ0a9qrtaO'),
(7, 67890, 'Rizki Santoso', '1991-06-05', 'DRIVER', 'SIM B2', '1991-06-05', 'Jalan Indah 1234', '$2y$10$R1G8QXHO/zulS/AVfX.TFuWebHaKgh9biRLubmU/tEhbJ0a9qrtaO'),
(25, 90123, 'Budi Santosa', '1997-07-09', 'DRIVER', 'SIM B1', '2025-07-17', 'Jalan Harapan 7', '$2y$10$R1G8QXHO/zulS/AVfX.TFuWebHaKgh9biRLubmU/tEhbJ0a9qrtaO'),
(26, 156711, 'Andre', '1998-07-26', 'DRIVER', 'SIM A', '2024-07-25', 'Jalan Raya 70', '$2y$10$4dC/U8WPU50t2UkjQovOGecN.KFuI07S2Kvyc9VzV.78MugogOQYO');

-- --------------------------------------------------------

--
-- Struktur dari tabel `tb_jrk_tempuh`
--

CREATE TABLE `tb_jrk_tempuh` (
  `id_jrk` int(11) NOT NULL,
  `no_plat` varchar(11) NOT NULL
) ENGINE=InnoDB DEFAULT CHARSET=utf8mb4 COLLATE=utf8mb4_general_ci;

--
-- Dumping data untuk tabel `tb_jrk_tempuh`
--

INSERT INTO `tb_jrk_tempuh` (`id_jrk`, `no_plat`) VALUES
(5, 'AB 1234 CM	'),
(6, 'FG 3456 HI	');

-- --------------------------------------------------------

--
-- Struktur dari tabel `tb_pembelian`
--

CREATE TABLE `tb_pembelian` (
  `id_pembelian` int(11) NOT NULL,
  `id_surat` int(11) NOT NULL,
  `id_cust` int(11) NOT NULL,
  `kode_brg` int(11) NOT NULL,
  `qty` text NOT NULL
) ENGINE=InnoDB DEFAULT CHARSET=utf8mb4 COLLATE=utf8mb4_general_ci;

--
-- Dumping data untuk tabel `tb_pembelian`
--

INSERT INTO `tb_pembelian` (`id_pembelian`, `id_surat`, `id_cust`, `kode_brg`, `qty`) VALUES
(61, 10149, 2028, 163, '5'),
(62, 10149, 2028, 162, '3'),
(63, 10150, 2016, 159, '3');

-- --------------------------------------------------------

--
-- Struktur dari tabel `tb_pengirim`
--

CREATE TABLE `tb_pengirim` (
  `id_pengiriman` int(11) NOT NULL,
  `id_surat` int(11) NOT NULL,
  `id_cust` int(11) NOT NULL,
  `no_plat` text NOT NULL,
  `nik` text NOT NULL
) ENGINE=InnoDB DEFAULT CHARSET=utf8mb4 COLLATE=utf8mb4_general_ci;

--
-- Dumping data untuk tabel `tb_pengirim`
--

INSERT INTO `tb_pengirim` (`id_pengiriman`, `id_surat`, `id_cust`, `no_plat`, `nik`) VALUES
(400073, 10133, 2015, 'AB 1234 CM', '90123'),
(400082, 10136, 2012, 'AB 1234 CM', '34567'),
(400083, 10137, 2014, 'AB 1234 CM', '34567'),
(400084, 10138, 2015, 'JK 7890 LM', '34567'),
(400085, 10138, 2015, 'FG 3456 HI', '34567'),
(400086, 10140, 2012, 'JK 7890 LM', '34567'),
(400087, 10139, 2017, 'AB 1234 CM', '90123'),
(400088, 10142, 2016, 'JK 7890 LM', '67890'),
(400089, 10143, 2024, 'JK 7890 LM', '34567'),
(400090, 10144, 2016, 'JK 7890 LM', '12345'),
(400091, 10146, 2024, 'AB 1234 CM', '12345'),
(400092, 10148, 2028, 'AB 1234 CM', '12345'),
(400093, 10149, 2028, 'JK 7890 LM', '23456'),
(400094, 10150, 2016, 'JK 7890 LM', '90123');

-- --------------------------------------------------------

--
-- Struktur dari tabel `tb_rdo`
--

CREATE TABLE `tb_rdo` (
  `id_rdo` int(11) NOT NULL,
  `id_pengiriman` int(11) NOT NULL
) ENGINE=InnoDB DEFAULT CHARSET=utf8mb4 COLLATE=utf8mb4_general_ci;

--
-- Dumping data untuk tabel `tb_rdo`
--

INSERT INTO `tb_rdo` (`id_rdo`, `id_pengiriman`) VALUES
(200030, 400071);

-- --------------------------------------------------------

--
-- Struktur dari tabel `tb_surat`
--

CREATE TABLE `tb_surat` (
  `id_surat` int(11) NOT NULL,
  `id_cust` int(11) NOT NULL,
  `tanggal_kirim` date NOT NULL
) ENGINE=InnoDB DEFAULT CHARSET=utf8mb4 COLLATE=utf8mb4_general_ci;

--
-- Dumping data untuk tabel `tb_surat`
--

INSERT INTO `tb_surat` (`id_surat`, `id_cust`, `tanggal_kirim`) VALUES
(10149, 2028, '2023-07-27'),
(10150, 2016, '2023-07-30');

-- --------------------------------------------------------

--
-- Struktur dari tabel `template_zenziva`
--

CREATE TABLE `template_zenziva` (
  `id` int(11) NOT NULL,
  `flag` varchar(50) NOT NULL,
  `kalimat` varchar(255) NOT NULL
) ENGINE=MyISAM DEFAULT CHARSET=utf8mb4 COLLATE=utf8mb4_general_ci;

--
-- Dumping data untuk tabel `template_zenziva`
--

INSERT INTO `template_zenziva` (`id`, `flag`, `kalimat`) VALUES
(1, 'antar', 'Kami dari Informa. Ingin mengabarkan paket anda, sedang kami kirim dan dalam perjalanan.'),
(2, 'kirim', 'Paket anda sudah selesai kami kirimkan. Terima kasih atas pembeliannya.'),
(3, 'pending', 'Kami dari Informa. Ingin mengabarkan pengiriman paket anda tertunda, kami akan informasikan jika pengiriman selanjutnya. Mohon maaf atas kendala ini.');

-- --------------------------------------------------------

--
-- Struktur dari tabel `wilayah`
--

CREATE TABLE `wilayah` (
  `kode` varchar(13) NOT NULL,
  `nama` varchar(100) DEFAULT NULL
) ENGINE=InnoDB DEFAULT CHARSET=utf8mb4 COLLATE=utf8mb4_general_ci;

--
-- Dumping data untuk tabel `wilayah`
--

INSERT INTO `wilayah` (`kode`, `nama`) VALUES
('63', 'KALIMANTAN SELATAN'),
('63.01', 'KAB. TANAH LAUT'),
('63.01.01', 'Takisung'),
('63.01.01.2001', 'Banua lawas'),
('63.01.01.2002', 'Tabanio'),
('63.01.01.2003', 'Kuala Tambangan'),
('63.01.01.2004', 'Takisung'),
('63.01.01.2005', 'Gunung Makmur'),
('63.01.01.2006', 'Banua Tengah'),
('63.01.01.2007', 'Ranggang'),
('63.01.01.2008', 'Pagatan Besar'),
('63.01.01.2009', 'Batilai'),
('63.01.01.2010', 'Ranggang Dalam'),
('63.01.01.2011', 'Telaga langsat'),
('63.01.01.2012', 'Sumber Makmur'),
('63.01.02', 'Jorong'),
('63.01.02.2001', 'Sabuhur'),
('63.01.02.2002', 'Jorong'),
('63.01.02.2003', 'Asam-Asam'),
('63.01.02.2004', 'Batalang'),
('63.01.02.2005', 'Swarangan'),
('63.01.02.2006', 'Muara Asam-Asam'),
('63.01.02.2007', 'Alur'),
('63.01.02.2008', 'Asri Mulya'),
('63.01.02.2009', 'Karang Rejo'),
('63.01.02.2010', 'Asam Jaya'),
('63.01.02.2011', 'Simpang Empat Sungai Baru'),
('63.01.03', 'Pelaihari'),
('63.01.03.1001', 'Sarang Halang'),
('63.01.03.1002', 'Karang Taruna'),
('63.01.03.1003', 'Pelaihari'),
('63.01.03.1004', 'Angsau'),
('63.01.03.1005', 'Pabahanan'),
('63.01.03.2006', 'Bumi Jaya'),
('63.01.03.2008', 'Sungai Riam'),
('63.01.03.2009', 'Tampang'),
('63.01.03.2010', 'Telaga'),
('63.01.03.2011', 'Panjaratan'),
('63.01.03.2012', 'Atu-atu'),
('63.01.03.2015', 'Panggung'),
('63.01.03.2016', 'Tungkaran'),
('63.01.03.2017', 'Ujung Batu'),
('63.01.03.2020', 'Panggung Baru'),
('63.01.03.2024', 'Ambungan'),
('63.01.03.2025', 'Guntung Besar'),
('63.01.03.2026', 'Kampung Baru'),
('63.01.03.2027', 'Sumber Mulia'),
('63.01.03.2029', 'Pemuda'),
('63.01.04', 'Kurau'),
('63.01.04.2001', 'Sungai Bakau'),
('63.01.04.2002', 'Maluka Baulin'),
('63.01.04.2003', 'Bawah Layung'),
('63.01.04.2004', 'Tambak Sarinah'),
('63.01.04.2005', 'Kali Besar'),
('63.01.04.2006', 'Handil Negara'),
('63.01.04.2007', 'Padang Luas'),
('63.01.04.2008', 'Kurau'),
('63.01.04.2017', 'Tambak Karya'),
('63.01.04.2018', 'Raden'),
('63.01.04.2019', 'Sarikandi'),
('63.01.05', 'Bati Bati'),
('63.01.05.2001', 'Benua Raya'),
('63.01.05.2002', 'Bati-Bati'),
('63.01.05.2003', 'Ujung'),
('63.01.05.2004', 'Liang Anggang'),
('63.01.05.2005', 'Bentok Kampung'),
('63.01.05.2006', 'Bentok Darat'),
('63.01.05.2007', 'Banyu Irang'),
('63.01.05.2008', 'Nusa Indah'),
('63.01.05.2009', 'Pandahan'),
('63.01.05.2010', 'Padang'),
('63.01.05.2011', 'Ujung Baru'),
('63.01.05.2012', 'Sambangan'),
('63.01.05.2013', 'Kait-kait'),
('63.01.05.2014', 'Kait-kait Baru'),
('63.01.06', 'Panyipatan'),
('63.01.06.2001', 'Batu Tungku'),
('63.01.06.2002', 'Panyipatan'),
('63.01.06.2003', 'Kandangan Baru'),
('63.01.06.2004', 'Kandangan Lama'),
('63.01.06.2005', 'Batakan'),
('63.01.06.2006', 'Kuringkit'),
('63.01.06.2007', 'Tanjung Dewa'),
('63.01.06.2008', 'Suka Ramah'),
('63.01.06.2009', 'Batu Mulya'),
('63.01.06.2010', 'Bumi Asih'),
('63.01.07', 'Kintap'),
('63.01.07.2001', 'Pandan Sari'),
('63.01.07.2002', 'Kintap'),
('63.01.07.2003', 'Kintapura'),
('63.01.07.2004', 'Sungai Cuka'),
('63.01.07.2005', 'Riam Adungan'),
('63.01.07.2006', 'Muara Kintap'),
('63.01.07.2007', 'Salaman'),
('63.01.07.2008', 'Kintap Kecil'),
('63.01.07.2009', 'Pasir Putih'),
('63.01.07.2010', 'Sumber Jaya'),
('63.01.07.2011', 'Bukit Mulia'),
('63.01.07.2012', 'Kebun Raya'),
('63.01.07.2013', 'Mekar Raya'),
('63.01.07.2014', 'Sebamban Baru'),
('63.01.08', 'Tambang Ulang'),
('63.01.08.2001', 'Tambang Ulang'),
('63.01.08.2002', 'Sungai Pinang'),
('63.01.08.2003', 'Martadah'),
('63.01.08.2004', 'Sungai Jelai'),
('63.01.08.2005', 'Bingkulu'),
('63.01.08.2006', 'Gunung Raja'),
('63.01.08.2007', 'Pulau Sari'),
('63.01.08.2008', 'Kayu Abang'),
('63.01.08.2009', 'Martadah Baru'),
('63.01.09', 'Batu Ampar'),
('63.01.09.2001', 'Batu Ampar'),
('63.01.09.2002', 'Gunung Mas'),
('63.01.09.2003', 'Tajau Mulya'),
('63.01.09.2004', 'Jilatan'),
('63.01.09.2005', 'Durian Bungkuk'),
('63.01.09.2006', 'Ambawang'),
('63.01.09.2007', 'Damit'),
('63.01.09.2008', 'Gunung Melati'),
('63.01.09.2009', 'Bluru'),
('63.01.09.2010', 'Pantai Linuh'),
('63.01.09.2011', 'Damit Hulu'),
('63.01.09.2012', 'Jilatan Alur'),
('63.01.09.2013', 'Damar Lima'),
('63.01.09.2014', 'Tajau Pecah'),
('63.01.10', 'Bajuin'),
('63.01.10.2001', 'Bajuin'),
('63.01.10.2002', 'Sungai Bakar'),
('63.01.10.2003', 'Ketapang'),
('63.01.10.2004', 'Tirta Jaya'),
('63.01.10.2005', 'Galam'),
('63.01.10.2006', 'Pemalongan'),
('63.01.10.2007', 'Kunyit'),
('63.01.10.2008', 'Tebing Siring'),
('63.01.10.2009', 'Tanjung'),
('63.01.11', 'Bumi Makmur'),
('63.01.11.2001', 'Handil Babirik'),
('63.01.11.2002', 'Kurau Utara'),
('63.01.11.2003', 'Bumi Harapan'),
('63.01.11.2004', 'Sungai Rasau'),
('63.01.11.2005', 'Pantai Harapan'),
('63.01.11.2006', 'Handil Suruk'),
('63.01.11.2007', 'Handil Gayam'),
('63.01.11.2008', 'Handil Birayang Atas'),
('63.01.11.2009', 'Handil Birayang Bawah'),
('63.01.11.2010', 'Handil Maluka'),
('63.01.11.2011', 'Handil Labuan Amas'),
('63.02', 'KAB. KOTABARU'),
('63.02.01', 'Pulau Sembilan'),
('63.02.01.2001', 'Labuan Barat'),
('63.02.01.2002', 'Teluk Sungai'),
('63.02.01.2003', 'Maradapan'),
('63.02.01.2004', 'Tengah'),
('63.02.01.2005', 'Tanjung Nyiur'),
('63.02.02', 'Pulau Laut Barat'),
('63.02.02.2005', 'Lontar Selatan'),
('63.02.02.2006', 'Lontar Timur'),
('63.02.02.2007', 'Sebanti'),
('63.02.02.2008', 'Sepagar'),
('63.02.02.2009', 'Semaras'),
('63.02.02.2012', 'Terangkeh'),
('63.02.02.2015', 'Gemuruh'),
('63.02.02.2017', 'Tapian Balai'),
('63.02.02.2018', 'Lontar Utara'),
('63.02.02.2021', 'Sumber Sari'),
('63.02.02.2022', 'Subur Makmur'),
('63.02.03', 'Pulau Laut Selatan'),
('63.02.03.2006', 'Teluk Sirih'),
('63.02.03.2007', 'Sungai Bahim'),
('63.02.03.2008', 'Tanjung Seloka'),
('63.02.03.2009', 'Tanjung Serudung'),
('63.02.03.2011', 'Alle-Alle'),
('63.02.03.2013', 'Sungai Bulan'),
('63.02.03.2015', 'Labuan Mas'),
('63.02.03.2016', 'Tanjung Seloka Utara'),
('63.02.04', 'Pulau Laut Timur'),
('63.02.04.2001', 'Batu Tunau'),
('63.02.04.2002', 'Sejakah'),
('63.02.04.2003', 'Bekambit'),
('63.02.04.2004', 'Langkang Baru'),
('63.02.04.2005', 'Langkang Lama'),
('63.02.04.2006', 'Sungai Limau'),
('63.02.04.2007', 'Berangas'),
('63.02.04.2008', 'Tanjung Pengharapan'),
('63.02.04.2009', 'Betung'),
('63.02.04.2010', 'Teluk Mesjid'),
('63.02.04.2011', 'Teluk Gosong'),
('63.02.04.2012', 'Kulipak'),
('63.02.04.2013', 'Karangsari Indah'),
('63.02.04.2014', 'Bekambit Asri'),
('63.02.05', 'Pulau Sebuku'),
('63.02.05.2001', 'Sekapung'),
('63.02.05.2002', 'Kanibungan'),
('63.02.05.2003', 'Mandin'),
('63.02.05.2004', 'Serakaman'),
('63.02.05.2005', 'Sungai Bali'),
('63.02.05.2006', 'Balambus'),
('63.02.05.2007', 'Rampa'),
('63.02.05.2008', 'Ujung'),
('63.02.06', 'Pulaulaut Utara'),
('63.02.06.1001', 'Kotabaru Hulu'),
('63.02.06.2009', 'Megasari'),
('63.02.06.2010', 'Sebelimbingan'),
('63.02.06.2011', 'Stagen'),
('63.02.06.2012', 'Rampa'),
('63.02.06.2013', 'Sungai Taib'),
('63.02.06.2014', 'Semayap'),
('63.02.06.2015', 'Dirgahayu'),
('63.02.06.2022', 'Gunung Ulin'),
('63.02.06.2025', 'Gunung Sari'),
('63.02.07', 'Kelumpang Selatan'),
('63.02.07.2004', 'Tanjung Pangga'),
('63.02.07.2005', 'Pembelacanan'),
('63.02.07.2006', 'Sungai Nipah'),
('63.02.07.2007', 'Pantai'),
('63.02.07.2009', 'Sangking Baru'),
('63.02.07.2014', 'Suka Maju'),
('63.02.07.2015', 'Sungai Kupang Jaya'),
('63.02.07.2016', 'Pantai Baru'),
('63.02.07.2017', 'Bumi Asih'),
('63.02.08', 'Kelumpang Hulu'),
('63.02.08.2001', 'Cantung Kiri Hilir'),
('63.02.08.2002', 'Karang Payau'),
('63.02.08.2003', 'Banua Lawas'),
('63.02.08.2004', 'Sungai Kupang'),
('63.02.08.2005', 'Bangkalaan Melayu'),
('63.02.08.2006', 'Bangkalaan Dayak'),
('63.02.08.2007', 'Laburan'),
('63.02.08.2008', 'Karang Liwar'),
('63.02.08.2009', 'Mangkirana'),
('63.02.08.2010', 'Sidomulyo'),
('63.02.09', 'Kelumpang Tengah'),
('63.02.09.2001', 'Tanjung Batu'),
('63.02.09.2002', 'Sungai Punggawa'),
('63.02.09.2003', 'Tanah Rata'),
('63.02.09.2004', 'Sebuli'),
('63.02.09.2005', 'Sembilang'),
('63.02.09.2006', 'Tamiang Bakung'),
('63.02.09.2007', 'Sang-Sang'),
('63.02.09.2011', 'Sungai Pinang'),
('63.02.09.2012', 'Tanjung Selayar'),
('63.02.09.2013', 'Senakin Seberang'),
('63.02.09.2014', 'Senakin'),
('63.02.09.2016', 'Tebing Tinggi'),
('63.02.09.2017', 'Geronggang'),
('63.02.10', 'Kelumpang Utara'),
('63.02.10.2001', 'Sungai Hanyar'),
('63.02.10.2002', 'Sungai Seluang'),
('63.02.10.2003', 'Pudi'),
('63.02.10.2004', 'Mangga'),
('63.02.10.2005', 'Wilas'),
('63.02.10.2006', 'Pudi Seberang'),
('63.02.10.2007', 'Sulangkit'),
('63.02.11', 'Pamukan Selatan'),
('63.02.11.2001', 'Sekandis'),
('63.02.11.2002', 'Gunung Calang'),
('63.02.11.2003', 'Talusi'),
('63.02.11.2004', 'Sakalimau'),
('63.02.11.2005', 'Tanjung Samalantakan'),
('63.02.11.2006', 'Sakadoyan'),
('63.02.11.2007', 'Rampa Cengal'),
('63.02.11.2008', 'Sesulung'),
('63.02.11.2009', 'Pondok Labu'),
('63.02.11.2010', 'Mulyodadi'),
('63.02.11.2011', 'Sukadana'),
('63.02.12', 'Sampanahan'),
('63.02.12.2001', 'Sepapah'),
('63.02.12.2002', 'Sungai Betung'),
('63.02.12.2003', 'Basuang'),
('63.02.12.2004', 'Gunung Batu Besar'),
('63.02.12.2005', 'Sampanahan'),
('63.02.12.2006', 'Rampa Manunggul'),
('63.02.12.2007', 'Papaan'),
('63.02.12.2008', 'Sampanahan Hilir'),
('63.02.12.2009', 'Banjarsari'),
('63.02.12.2010', 'Sukamaju'),
('63.02.13', 'Pamukan Utara'),
('63.02.13.2002', 'Bepara'),
('63.02.13.2004', 'Betung'),
('63.02.13.2005', 'Sekayu Baru'),
('63.02.13.2006', 'Bakau'),
('63.02.13.2007', 'Binturung'),
('63.02.13.2008', 'Harapan Baru'),
('63.02.13.2009', 'Balaimea'),
('63.02.13.2010', 'Tamiang'),
('63.02.13.2011', 'Kalian'),
('63.02.13.2012', 'Mulyoharjo'),
('63.02.13.2013', 'Pamukan Indah'),
('63.02.13.2014', 'Wonorejo'),
('63.02.13.2015', 'Lintang Jaya'),
('63.02.14', 'Hampang'),
('63.02.14.2001', 'Hampang'),
('63.02.14.2002', 'Cantung Kiri Hulu'),
('63.02.14.2003', 'Cantung Kanan'),
('63.02.14.2004', 'Muara Orie'),
('63.02.14.2005', 'Lalapin'),
('63.02.14.2006', 'Peramasan Dua Kali Sanga'),
('63.02.14.2007', 'Limbur'),
('63.02.14.2008', 'Hulu Sampanahan'),
('63.02.14.2009', 'Limbungan'),
('63.02.15', 'Sungai Durian'),
('63.02.15.2001', 'Buluh Kuning'),
('63.02.15.2002', 'Gendang Timburu'),
('63.02.15.2004', 'Manunggal Lama'),
('63.02.15.2006', 'Rantau Buda'),
('63.02.15.2007', 'Manunggul Baru'),
('63.02.15.2008', 'Terombong Sari'),
('63.02.15.2009', 'Rantau Jaya'),
('63.02.16', 'Pulau Laut Tengah'),
('63.02.16.2001', 'Semisir'),
('63.02.16.2002', 'Sungai Pasir'),
('63.02.16.2003', 'Mekarpura'),
('63.02.16.2004', 'Selaru'),
('63.02.16.2005', 'Sungup Kanan'),
('63.02.16.2006', 'Pantai Baru'),
('63.02.16.2007', 'Salino'),
('63.02.17', 'Kelumpang Hilir'),
('63.02.17.2001', 'Serongga'),
('63.02.17.2002', 'Tarjun'),
('63.02.17.2003', 'Langadai'),
('63.02.17.2004', 'Pulau Panci'),
('63.02.17.2005', 'Pelajau Baru'),
('63.02.17.2006', 'Tegal Rejo'),
('63.02.17.2007', 'Mandala'),
('63.02.17.2008', 'Telagasari'),
('63.02.17.2009', 'Sahapi'),
('63.02.18', 'Kelumpang Barat'),
('63.02.18.2001', 'Siayuh'),
('63.02.18.2002', 'Bungkukan'),
('63.02.18.2003', 'Batang Kulur'),
('63.02.18.2004', 'Tanjung Sari'),
('63.02.18.2005', 'Magalau Hilir'),
('63.02.18.2006', 'Magalau Hulu'),
('63.02.19', 'Pamukan Barat'),
('63.02.19.2001', 'Sengayam'),
('63.02.19.2002', 'Mayang Sari'),
('63.02.19.2003', 'Marga Jaya'),
('63.02.19.2004', 'Mangka'),
('63.02.19.2005', 'Batuah'),
('63.02.20', 'Pulau Laut Kepulauan'),
('63.02.20.2001', 'Tanjung Lalak Utara'),
('63.02.20.2002', 'Tanjung Lalak Selatan'),
('63.02.20.2003', 'Pulau Kerayaan'),
('63.02.20.2004', 'Kerayaan Utara'),
('63.02.20.2005', 'Pulau Kerasian'),
('63.02.20.2006', 'Pulau Kerumputan'),
('63.02.20.2007', 'Teluk Aru'),
('63.02.20.2008', 'Teluk Kemuning'),
('63.02.20.2009', 'Oka-Oka'),
('63.02.21', 'Pulau Laut Tanjung Selayar'),
('63.02.21.2001', 'Tanjung Pelayar'),
('63.02.21.2002', 'Tanjung Sungkai'),
('63.02.21.2003', 'Tanjung Tengah'),
('63.02.21.2004', 'Tanjung Kunyit'),
('63.02.21.2005', 'Teluk Tamiang'),
('63.02.21.2006', 'Gosong Panjang'),
('63.02.21.2007', 'Kampung Baru'),
('63.02.21.2008', 'Tata Mekar'),
('63.02.21.2009', 'Bandar Raya'),
('63.02.21.2010', 'Bangun Rejo'),
('63.02.22', 'Pulaulaut Sigam'),
('63.02.22.2001', 'Sebatung'),
('63.02.22.2002', 'Hilir Muara'),
('63.02.22.2003', 'Batuah'),
('63.02.22.2004', 'Baharu Utara'),
('63.02.22.2005', 'Tirawan'),
('63.02.22.2006', 'Gedambaan'),
('63.02.22.2007', 'Sarang Tiung'),
('63.02.22.2008', 'Sigam'),
('63.02.22.1009', 'Baharu Selatan'),
('63.02.22.1010', 'Kotabaru Tengah'),
('63.02.22.1011', 'Kotabaru Hilir'),
('63.03', 'KAB. BANJAR'),
('63.03.01', 'Aluh Aluh'),
('63.03.01.2001', 'Bakambat'),
('63.03.01.2002', 'Tanipah'),
('63.03.01.2009', 'Pemurus'),
('63.03.01.2010', 'Simpang Warga'),
('63.03.01.2011', 'Bunipah'),
('63.03.01.2012', 'Aluh Aluh Besar'),
('63.03.01.2013', 'Aluh Aluh Kecil'),
('63.03.01.2014', 'Podok'),
('63.03.01.2015', 'Handil Bujur'),
('63.03.01.2016', 'Kuin Besar'),
('63.03.01.2017', 'Terapu'),
('63.03.01.2019', 'Labat Muara'),
('63.03.01.2022', 'Pulantan'),
('63.03.01.2024', 'Aluh Aluh Kecil Muara'),
('63.03.01.2026', 'Simpang Warga Dalam'),
('63.03.01.2027', 'Kuin Kecil'),
('63.03.01.2028', 'Handil Baru'),
('63.03.01.2030', 'Balimau'),
('63.03.01.2031', 'Sungai Musang'),
('63.03.02', 'Kertak Hanyar'),
('63.03.02.1001', 'Kertak Hanyar I'),
('63.03.02.1008', 'Manarap Lama'),
('63.03.02.1015', 'Mandarsari'),
('63.03.02.2005', 'Pemangkih Laut'),
('63.03.02.2006', 'Simpang Empat'),
('63.03.02.2007', 'Sungai Lakum'),
('63.03.02.2009', 'Manarap Baru'),
('63.03.02.2010', 'Kertak Hanyar II'),
('63.03.02.2014', 'Pasar Kamis'),
('63.03.02.2016', 'Manarap Tengah'),
('63.03.02.2017', 'Belayung Baru'),
('63.03.02.2021', 'Banua Hanyar'),
('63.03.02.2022', 'Mekar Raya'),
('63.03.03', 'Gambut'),
('63.03.03.1001', 'Gambut'),
('63.03.03.1014', 'Gambut Barat'),
('63.03.03.2002', 'Sungai Kupang'),
('63.03.03.2003', 'Guntung Papuyu'),
('63.03.03.2004', 'Makmur'),
('63.03.03.2005', 'Tambak Sirang Darat'),
('63.03.03.2006', 'Tambak Sirang Laut'),
('63.03.03.2007', 'Malintang'),
('63.03.03.2008', 'Kayu Bawang'),
('63.03.03.2009', 'Banyu Hirang'),
('63.03.03.2010', 'Guntung Ujung'),
('63.03.03.2011', 'Tambak Sirang Baru'),
('63.03.03.2012', 'Malintang Baru'),
('63.03.03.2013', 'Keladan Baru'),
('63.03.04', 'Sungai Tabuk'),
('63.03.04.1001', 'Sungai Lulut'),
('63.03.04.2002', 'Sungai Bakung'),
('63.03.04.2003', 'Sungai Tandipah'),
('63.03.04.2004', 'Lok Baintan'),
('63.03.04.2005', 'Gudang Hirang'),
('63.03.04.2006', 'Sungai Pinang'),
('63.03.04.2007', 'Pembantanan'),
('63.03.04.2008', 'Pemakuan'),
('63.03.04.2009', 'Sungai Tabuk Kota'),
('63.03.04.2010', 'Sungai Tabuk Keramat'),
('63.03.04.2011', 'Lok Buntar'),
('63.03.04.2012', 'Gudang Tengah'),
('63.03.04.2013', 'Pejambuan'),
('63.03.04.2014', 'Keliling Benteng Ilir'),
('63.03.04.2015', 'Sungai Pinang Baru'),
('63.03.04.2016', 'Paku Alam'),
('63.03.04.2017', 'Lok Baintan Dalam'),
('63.03.04.2018', 'Pematang Panjang'),
('63.03.04.2019', 'Sungai Bangkal'),
('63.03.04.2020', 'Tajau Landung'),
('63.03.04.2021', 'Abumbun Jaya'),
('63.03.05', 'Martapura'),
('63.03.05.1001', 'Keraton'),
('63.03.05.1002', 'Jawa'),
('63.03.05.1003', 'Pasayangan'),
('63.03.05.1004', 'Murung Keraton'),
('63.03.05.1005', 'Sungai Paring'),
('63.03.05.1055', 'Tanjung Rema Darat'),
('63.03.05.1059', 'Sekumpul'),
('63.03.05.2009', 'Sungai Sipai'),
('63.03.05.2010', 'Pasayangan Selatan'),
('63.03.05.2011', 'Tanjung Rema'),
('63.03.05.2012', 'Bincau'),
('63.03.05.2013', 'Murung Kenanga'),
('63.03.05.2015', 'Tunggul Irang'),
('63.03.05.2016', 'Tambak Baru'),
('63.03.05.2034', 'Cindai Alus'),
('63.03.05.2036', 'Tungkaran'),
('63.03.05.2037', 'Tambak Baru Ulu'),
('63.03.05.2040', 'Bincau Muara'),
('63.03.05.2042', 'Tunggul Irang Ilir'),
('63.03.05.2043', 'Tunggul Irang Ulu'),
('63.03.05.2051', 'Labuan Tabu'),
('63.03.05.2052', 'Indra Sari'),
('63.03.05.2054', 'Jawa Laut'),
('63.03.05.2056', 'Pasayangan Utara'),
('63.03.05.2057', 'Pasayangan Barat'),
('63.03.05.2058', 'Tambak Baru Ilir'),
('63.03.06', 'Karang Intan'),
('63.03.06.2001', 'Kiram'),
('63.03.06.2002', 'Mandiangin Barat'),
('63.03.06.2003', 'Karang Intan'),
('63.03.06.2004', 'Pandak Daun'),
('63.03.06.2005', 'Jingah Habang Hulu'),
('63.03.06.2006', 'Mali Mali'),
('63.03.06.2007', 'Lok Tangga'),
('63.03.06.2008', 'Lihung'),
('63.03.06.2009', 'Bi ih'),
('63.03.06.2010', 'Penyambaran'),
('63.03.06.2011', 'Sungai Alang'),
('63.03.06.2012', 'Sungai Asam'),
('63.03.06.2013', 'Mandikapau Timur'),
('63.03.06.2014', 'Awang Bangkal Barat'),
('63.03.06.2015', 'Awang Bangkal Timur'),
('63.03.06.2016', 'Sungai Besar'),
('63.03.06.2017', 'Mandiangin Timur'),
('63.03.06.2018', 'Pasar Lama'),
('63.03.06.2019', 'Jingah Habang Ilir'),
('63.03.06.2020', 'Sungai Arfat'),
('63.03.06.2021', 'Padang Panjang'),
('63.03.06.2022', 'Sungai Landas'),
('63.03.06.2023', 'Abirau'),
('63.03.06.2024', 'Pulau Nyiur'),
('63.03.06.2025', 'Mandi Kapau Barat'),
('63.03.06.2026', 'Balau'),
('63.03.07', 'Astambul'),
('63.03.07.2001', 'Pingaran'),
('63.03.07.2002', 'Jati Baru'),
('63.03.07.2003', 'Pasar Jati'),
('63.03.07.2004', 'Danau Salak'),
('63.03.07.2005', 'Tambak Danau'),
('63.03.07.2006', 'Kaliukan'),
('63.03.07.2007', 'Sungai Alat'),
('63.03.07.2008', 'Pingaran Ulu'),
('63.03.07.2009', 'Astambul Kota'),
('63.03.07.2010', 'Astambul Seberang'),
('63.03.07.2011', 'Sungai Tuan Ulu'),
('63.03.07.2012', 'Benua Anyar Sungai Tuan'),
('63.03.07.2013', 'Kelampaian Ilir'),
('63.03.07.2014', 'Kelampaian Ulu'),
('63.03.07.2015', 'Limamar'),
('63.03.07.2016', 'Lok Gabang'),
('63.03.07.2017', 'Pematang Hambawang'),
('63.03.07.2018', 'Kelampaian Tengah'),
('63.03.07.2019', 'Tambangan'),
('63.03.07.2020', 'Benua Anyar Danau Salak'),
('63.03.07.2021', 'Sungai Tuan Ilir'),
('63.03.07.2022', 'Munggu Raya'),
('63.03.08', 'Simpang Empat'),
('63.03.08.2005', 'Paku'),
('63.03.08.2006', 'Simpang Empat'),
('63.03.08.2007', 'Lok Cantung'),
('63.03.08.2008', 'Tanah Intan'),
('63.03.08.2009', 'Sungai Raya'),
('63.03.08.2010', 'Sungkai'),
('63.03.08.2011', 'Sungai Langsat'),
('63.03.08.2014', 'Lawiran'),
('63.03.08.2017', 'Batu Balian'),
('63.03.08.2018', 'Cabi'),
('63.03.08.2019', 'Berkat Mulya'),
('63.03.08.2021', 'Sungai Baru'),
('63.03.08.2022', 'Paring Tali'),
('63.03.08.2025', 'Pasar Lama'),
('63.03.08.2026', 'Sungai Tabuk'),
('63.03.09', 'Pengarom'),
('63.03.09.2001', 'Maniapun'),
('63.03.09.2002', 'Lok Tunggul'),
('63.03.09.2003', 'Lobang Baru'),
('63.03.09.2004', 'Pengaron'),
('63.03.09.2005', 'Benteng'),
('63.03.09.2006', 'Ati\'im'),
('63.03.09.2007', 'Alimukim'),
('63.03.09.2008', 'Panyiuran'),
('63.03.09.2009', 'Antaraku'),
('63.03.09.2010', 'Mangkauk'),
('63.03.09.2015', 'Kertak Empat'),
('63.03.09.2018', 'Lumpangi'),
('63.03.10', 'Sungai Pinang'),
('63.03.10.2001', 'Kupang Rejo'),
('63.03.10.2002', 'Sungai Pinang'),
('63.03.10.2003', 'Kahelaan'),
('63.03.10.2004', 'Rantau Nangka'),
('63.03.10.2005', 'Rantau Bakula'),
('63.03.10.2006', 'Belimbing Lama'),
('63.03.10.2010', 'Sumber Baru'),
('63.03.10.2011', 'Belimbing Baru'),
('63.03.10.2012', 'Pakutik'),
('63.03.10.2013', 'Sumber Harapan'),
('63.03.10.2015', 'Hakim Makmur'),
('63.03.11', 'Aranio'),
('63.03.11.2001', 'Tiwingan Lama'),
('63.03.11.2002', 'Kalaan'),
('63.03.11.2003', 'Benua Riam'),
('63.03.11.2004', 'Bunglai'),
('63.03.11.2005', 'Apuai'),
('63.03.11.2006', 'Rantau Bujur'),
('63.03.11.2007', 'Artain'),
('63.03.11.2008', 'Rantau Balai'),
('63.03.11.2009', 'Tiwingan Baru'),
('63.03.11.2010', 'Belangian'),
('63.03.11.2011', 'Aranio'),
('63.03.11.2012', 'Pa\'au'),
('63.03.12', 'Mataraman'),
('63.03.12.2001', 'Baru'),
('63.03.12.2002', 'Bawahan Pasar'),
('63.03.12.2003', 'Bawahan Seberang'),
('63.03.12.2004', 'Pematang Danau'),
('63.03.12.2005', 'Surian'),
('63.03.12.2006', 'Mataraman'),
('63.03.12.2007', 'Simpang Tiga'),
('63.03.12.2008', 'Bawahan Selan'),
('63.03.12.2009', 'Takuti'),
('63.03.12.2010', 'Pasiraman'),
('63.03.12.2011', 'Lok Tamu'),
('63.03.12.2012', 'Sungai Jati'),
('63.03.12.2013', 'Mangkalawat'),
('63.03.12.2014', 'Gunung Ulin'),
('63.03.12.2015', 'Tanah Abang'),
('63.03.13', 'Beruntung Baru'),
('63.03.13.2001', 'Pindahan Baru'),
('63.03.13.2002', 'Handil Purai'),
('63.03.13.2003', 'Kampung Baru'),
('63.03.13.2004', 'Lawahan'),
('63.03.13.2005', 'Babirik'),
('63.03.13.2006', 'Jambu Burung'),
('63.03.13.2007', 'Tambak Padi'),
('63.03.13.2008', 'Haur Kuning'),
('63.03.13.2009', 'Jambu Raya'),
('63.03.13.2010', 'Rumpiang'),
('63.03.13.2011', 'Salat Makmur'),
('63.03.13.2012', 'Muara Halayung'),
('63.03.14', 'Martapura Barat'),
('63.03.14.2001', 'Teluk Selong'),
('63.03.14.2002', 'Sungai Batang'),
('63.03.14.2003', 'Sungai Batang Ilir'),
('63.03.14.2004', 'Sungai Ranggas'),
('63.03.14.2005', 'Penggalaman'),
('63.03.14.2006', 'Keliling Benteng Ulu'),
('63.03.14.2007', 'Antasan Sutun'),
('63.03.14.2008', 'Sungai Ranggas Ulu'),
('63.03.14.2009', 'Sungai Ranggas Hambuku'),
('63.03.14.2010', 'Keliling Benteng Tengah'),
('63.03.14.2011', 'Teluk Selong Ulu'),
('63.03.14.2012', 'Tangkas'),
('63.03.14.2013', 'Sungai Ranggas Tengah'),
('63.03.15', 'Martapura Timur'),
('63.03.15.2001', 'Pekauman'),
('63.03.15.2002', 'Keramat'),
('63.03.15.2003', 'Antasan Senor'),
('63.03.15.2004', 'Tambak Anyar'),
('63.03.15.2005', 'Melayu'),
('63.03.15.2006', 'Melayu Ilir'),
('63.03.15.2007', 'Akar Begantung Ulu'),
('63.03.15.2008', 'Dalam Pagar'),
('63.03.15.2009', 'Tambak Anyar Ulu'),
('63.03.15.2010', 'Pematang Baru'),
('63.03.15.2011', 'Melayu Tengah'),
('63.03.15.2012', 'Akar Baru'),
('63.03.15.2013', 'Dalam Pagar Ulu'),
('63.03.15.2014', 'Pekauman Ulu'),
('63.03.15.2015', 'Mekar'),
('63.03.15.2016', 'Tambak Anyar Ilir'),
('63.03.15.2017', 'Sungai Kitano'),
('63.03.15.2018', 'Keramat Baru'),
('63.03.15.2019', 'Pekauman Dalam'),
('63.03.15.2020', 'Antasan Senor Ilir'),
('63.03.16', 'Sambung Makmur'),
('63.03.16.2001', 'Madurejo'),
('63.03.16.2002', 'Baliangin'),
('63.03.16.2003', 'Gunung Batu'),
('63.03.16.2004', 'Batang Banyu'),
('63.03.16.2005', 'Sungai Lurus'),
('63.03.16.2006', 'Batu Tanam'),
('63.03.16.2007', 'Pasar Baru'),
('63.03.17', 'Paramasan'),
('63.03.17.2001', 'Paramasan Atas'),
('63.03.17.2002', 'Paramasan Bawah'),
('63.03.17.2003', 'Remo'),
('63.03.17.2004', 'Angkipih'),
('63.03.18', 'Telaga Bauntung'),
('63.03.18.2001', 'Rantau Bujur'),
('63.03.18.2002', 'Lok Tanah'),
('63.03.18.2003', 'Telaga Baru'),
('63.03.18.2004', 'Rampah'),
('63.03.19', 'Tatah Makmur'),
('63.03.19.2001', 'Tatah Bangkal'),
('63.03.19.2002', 'Bangkal Tengah'),
('63.03.19.2003', 'Layap Baru'),
('63.03.19.2004', 'Tatah Layap'),
('63.03.19.2005', 'Mekar Sari'),
('63.03.19.2006', 'Pandan Sari'),
('63.03.19.2007', 'Tampang Awang'),
('63.03.19.2008', 'Pemangkih Darat'),
('63.03.19.2009', 'Pemangkih Baru'),
('63.03.19.2010', 'Pemangkih Tengah'),
('63.03.19.2011', 'Tatah Jaruju'),
('63.03.19.2012', 'Jaruju Laut'),
('63.03.19.2013', 'Thaibah Raya'),
('63.03.20', 'Cintapuri Darussalam'),
('63.03.20.2001', 'Keramat Mina'),
('63.03.20.2002', 'Garis Hanyar'),
('63.03.20.2003', 'Cintapuri'),
('63.03.20.2004', 'Surian Hanyar'),
('63.03.20.2005', 'Benua Anyar'),
('63.03.20.2006', 'Alalak Padang'),
('63.03.20.2007', 'Makmur Karya'),
('63.03.20.2008', 'Simpang Lima'),
('63.03.20.2009', 'Karya Makmur'),
('63.03.20.2010', 'Sindang Jaya'),
('63.03.20.2011', 'Sumber Sari'),
('63.04', 'KAB. BARITO KUALA'),
('63.04.01', 'Tabunganen'),
('63.04.01.2001', 'Kuala Lupak'),
('63.04.01.2002', 'Sungai Telan Besar'),
('63.04.01.2003', 'Sungai Telan Kecil'),
('63.04.01.2004', 'Tabunganen Muara'),
('63.04.01.2005', 'Tabunganen Tengah'),
('63.04.01.2006', 'Karya Baru'),
('63.04.01.2007', 'Tabunganen Perumus'),
('63.04.01.2008', 'Sungai Teras Dalam'),
('63.04.01.2009', 'Sungai Jingah Besar'),
('63.04.01.2010', 'Tabunganen Kecil'),
('63.04.01.2011', 'Sei Teras Luar'),
('63.04.01.2012', 'Sei Telan Muara'),
('63.04.01.2013', 'Beringin Kencana'),
('63.04.01.2014', 'Tanggul Rejo'),
('63.04.02', 'Tamban'),
('63.04.02.2001', 'Purwosari II'),
('63.04.02.2002', 'Purwosari I'),
('63.04.02.2003', 'Tamban Bangun'),
('63.04.02.2004', 'Tamban Muara'),
('63.04.02.2005', 'Tamban Kecil'),
('63.04.02.2006', 'Tinggiran II Luar'),
('63.04.02.2007', 'Jelapat I'),
('63.04.02.2008', 'Tamban Muara Baru'),
('63.04.02.2009', 'Purwosari Baru'),
('63.04.02.2010', 'Sekata Baru'),
('63.04.02.2011', 'Koanda'),
('63.04.02.2012', 'Damsari'),
('63.04.02.2013', 'Sidorejo'),
('63.04.02.2014', 'Jelapat Baru'),
('63.04.02.2015', 'Tamban Bangun Baru'),
('63.04.02.2016', 'Tamban Sari Baru'),
('63.04.03', 'Anjir Pasar'),
('63.04.03.2001', 'Andaman'),
('63.04.03.2002', 'Hilir Mesjid'),
('63.04.03.2003', 'Anjir Pasar Kota'),
('63.04.03.2004', 'Banyiur'),
('63.04.03.2005', 'Gandaraya'),
('63.04.03.2006', 'Gandaria'),
('63.04.03.2007', 'Anjir Pasar Kota II'),
('63.04.03.2008', 'Andaman II'),
('63.04.03.2009', 'Anjir Seberang Pasar II'),
('63.04.03.2010', 'Anjir Seberang Pasar I'),
('63.04.03.2011', 'Anjir Pasar Lama'),
('63.04.03.2012', 'Pandan Sari'),
('63.04.03.2013', 'Mentaren'),
('63.04.03.2014', 'Barunai Baru'),
('63.04.03.2015', 'Danau Karya'),
('63.04.04', 'Anjir Muara'),
('63.04.04.2001', 'Anjir Serapat Muara'),
('63.04.04.2002', 'Anjir Muara Kota'),
('63.04.04.2003', 'Patih Muhur'),
('63.04.04.2004', 'Anjir Muara Kota Tengah'),
('63.04.04.2005', 'Anjir Serapat Lama'),
('63.04.04.2006', 'Anjir Serapat Baru'),
('63.04.04.2007', 'Anjir Muara Lama'),
('63.04.04.2008', 'Sungai Punggu'),
('63.04.04.2009', 'Anjir Serapat Baru I'),
('63.04.04.2010', 'Patih Muhur Baru'),
('63.04.04.2011', 'Sei Punggu Baru'),
('63.04.04.2012', 'Anjir Serapat Muara I'),
('63.04.04.2013', 'Sepakat Barsama'),
('63.04.04.2014', 'Marabahan Baru'),
('63.04.04.2015', 'Beringin Jaya'),
('63.04.05', 'Alalak'),
('63.04.05.1001', 'Berangas Barat'),
('63.04.05.1002', 'Berangas'),
('63.04.05.1003', 'Handil Bakti'),
('63.04.05.2004', 'Pulau Alalak'),
('63.04.05.2005', 'Pulau Sewangi'),
('63.04.05.2006', 'Pulau Sugara'),
('63.04.05.2007', 'Sungai Lumbah'),
('63.04.05.2008', 'Berangas Timur'),
('63.04.05.2009', 'Sei Semangat Bhakti'),
('63.04.05.2010', 'Sungai Pitung'),
('63.04.05.2011', 'Belandean Muara'),
('63.04.05.2012', 'Belandean'),
('63.04.05.2013', 'Tanjung Harapan'),
('63.04.05.2014', 'Semangat Dalam'),
('63.04.05.2015', 'Beringin'),
('63.04.05.2016', 'Semangat Karya'),
('63.04.05.2017', 'Panca Karya'),
('63.04.05.2018', 'Tatah Mesjid'),
('63.04.06', 'Mandastana'),
('63.04.06.2001', 'Terantang'),
('63.04.06.2002', 'Tanipah'),
('63.04.06.2003', 'Puntik Luar'),
('63.04.06.2004', 'Puntik Dalam'),
('63.04.06.2005', 'Tabing Rimbah'),
('63.04.06.2006', 'Pantai Hambawang'),
('63.04.06.2009', 'Tatah Alayung'),
('63.04.06.2011', 'Puntik Tengah'),
('63.04.06.2014', 'Lokrawa'),
('63.04.06.2015', 'Sei Ramania'),
('63.04.06.2016', 'Bangkit Baru'),
('63.04.06.2017', 'Antasan Segera'),
('63.04.06.2020', 'Karang Bunga'),
('63.04.06.2021', 'Karang Indah'),
('63.04.07', 'Rantau Badauh'),
('63.04.07.2001', 'Sungai Pantai'),
('63.04.07.2002', 'Pindahan Baru'),
('63.04.07.2003', 'Sungai Gampa Asahi'),
('63.04.07.2004', 'Sungai Gampa'),
('63.04.07.2005', 'Sungai Sahurai'),
('63.04.07.2006', 'Simpang Arya'),
('63.04.07.2007', 'Sinar Baru'),
('63.04.07.2008', 'Sungai Bamban'),
('63.04.07.2009', 'Danda Jaya'),
('63.04.08', 'Belawang'),
('63.04.08.2001', 'Murung Keramat'),
('63.04.08.2002', 'Sungai Seluang'),
('63.04.08.2003', 'Belawang'),
('63.04.08.2004', 'Bambangin'),
('63.04.08.2005', 'Sukaramai'),
('63.04.08.2006', 'Sungai Seluang Pasar'),
('63.04.08.2007', 'Samuda'),
('63.04.08.2008', 'Parimata'),
('63.04.08.2009', 'Karang Dukuh'),
('63.04.08.2010', 'Patih Selera'),
('63.04.08.2011', 'Karang Buah'),
('63.04.08.2012', 'Binaan Baru'),
('63.04.08.2013', 'Rangga Surya'),
('63.04.09', 'Cerbon'),
('63.04.09.2001', 'Sungai Kambat'),
('63.04.09.2002', 'Sungai Rasau'),
('63.04.09.2003', 'Simpang Nungki'),
('63.04.09.2004', 'Sawahan'),
('63.04.09.2005', 'Bantuil'),
('63.04.09.2006', 'Badandan'),
('63.04.09.2007', 'Sei Tunjang'),
('63.04.09.2008', 'Sei Raya'),
('63.04.10', 'Bakumpai'),
('63.04.10.1001', 'Lepasan'),
('63.04.10.2002', 'Banua Anyar'),
('63.04.10.2003', 'Murung Raya'),
('63.04.10.2004', 'Palingkau'),
('63.04.10.2005', 'Balukung'),
('63.04.10.2006', 'Banitan'),
('63.04.10.2007', 'Batik'),
('63.04.10.2008', 'Bahalayung'),
('63.04.10.2009', 'Sungai Selirik'),
('63.04.11', 'Kuripan'),
('63.04.11.2001', 'Jambu Baru'),
('63.04.11.2002', 'Jambu'),
('63.04.11.2003', 'Kabuau'),
('63.04.11.2004', 'Jarenang'),
('63.04.11.2005', 'Tabatan'),
('63.04.11.2006', 'Kuripan'),
('63.04.11.2007', 'Tabatan Baru'),
('63.04.11.2008', 'Asia Baru'),
('63.04.11.2009', 'Rimbun Tulang'),
('63.04.12', 'Tabukan'),
('63.04.12.2001', 'Pantang Raya'),
('63.04.12.2002', 'Tabukan Raya'),
('63.04.12.2003', 'Teluk Tamba'),
('63.04.12.2004', 'Rantau Bamban'),
('63.04.12.2005', 'Tamba Jaya'),
('63.04.12.2006', 'Muara Pulau'),
('63.04.12.2007', 'Karya Indah'),
('63.04.12.2008', 'Bandar Karya'),
('63.04.12.2009', 'Karya Makmur'),
('63.04.12.2010', 'Karya Jadi'),
('63.04.12.2011', 'Pantang Baru'),
('63.04.13', 'Mekarsari'),
('63.04.13.2001', 'Mekarsari'),
('63.04.13.2002', 'Tamban Raya'),
('63.04.13.2003', 'Tinggiran Tengah'),
('63.04.13.2004', 'Tinggiran Darat'),
('63.04.13.2005', 'Jelapat II'),
('63.04.13.2006', 'Tamban Raya Baru'),
('63.04.13.2007', 'Tinggiran Baru'),
('63.04.13.2008', 'Karang Mekar'),
('63.04.13.2009', 'Indah Sari'),
('63.04.14', 'Barambai'),
('63.04.14.2001', 'Barambai'),
('63.04.14.2002', 'Sungai Kali'),
('63.04.14.2003', 'Pendalaman'),
('63.04.14.2004', 'Handil Barabai'),
('63.04.14.2005', 'Bagagap'),
('63.04.14.2006', 'Barambai Karya Tani'),
('63.04.14.2007', 'Pendalaman Baru'),
('63.04.14.2008', 'Karya Baru'),
('63.04.14.2009', 'Barambai Kolam Kiri'),
('63.04.14.2010', 'Barambai Kolam Kanan'),
('63.04.14.2011', 'Barambai Kolam Kiri Dalam'),
('63.04.15', 'Marabahan'),
('63.04.15.1001', 'Marabahan Kota'),
('63.04.15.1002', 'Ulu Benteng'),
('63.04.15.2003', 'Penghulu'),
('63.04.15.2004', 'Bagus'),
('63.04.15.2005', 'Baliuk'),
('63.04.15.2006', 'Antar Baru'),
('63.04.15.2007', 'Antar Jaya'),
('63.04.15.2008', 'Antar Raya'),
('63.04.15.2009', 'Sido Makmur'),
('63.04.15.2010', 'Karya Maju'),
('63.04.16', 'Wanaraya'),
('63.04.16.2001', 'Kolam Kiri'),
('63.04.16.2002', 'Roham Raya'),
('63.04.16.2003', 'Simpang Jaya'),
('63.04.16.2004', 'Tumih'),
('63.04.16.2005', 'Pinang Habang'),
('63.04.16.2006', 'Waringin Kencana'),
('63.04.16.2007', 'Babat Raya'),
('63.04.16.2008', 'Kolam Kanan'),
('63.04.16.2009', 'Sidomulyo'),
('63.04.16.2010', 'Kolam Makmur'),
('63.04.16.2011', 'Surya Kanta'),
('63.04.16.2012', 'Sumber Rahayu'),
('63.04.16.2013', 'Dwipasari'),
('63.04.17', 'Jejangkit'),
('63.04.17.2001', 'Sampurna'),
('63.04.17.2002', 'Jejangkit Barat'),
('63.04.17.2003', 'Bahandang'),
('63.04.17.2004', 'Jejangkit Timur'),
('63.04.17.2005', 'Cahaya Baru'),
('63.04.17.2006', 'Jejangkit Pasar'),
('63.04.17.2007', 'Jejangkit Muara'),
('63.05', 'KAB. TAPIN'),
('63.05.01', 'Binuang'),
('63.05.01.1001', 'Binuang'),
('63.05.01.1017', 'Karang Putih'),
('63.05.01.1018', 'Raya Belanti'),
('63.05.01.2003', 'Tungkap'),
('63.05.01.2006', 'A. Yani Pura'),
('63.05.01.2007', 'Pulaupinang'),
('63.05.01.2008', 'Pualam Sari'),
('63.05.01.2009', 'Gunungbatu'),
('63.05.01.2012', 'Pulaupinang Utara'),
('63.05.01.2016', 'Padang Sari'),
('63.05.01.2019', 'Mekarsari'),
('63.05.02', 'Tapin Selatan'),
('63.05.02.1004', 'Tambarangan'),
('63.05.02.2001', 'Tatakan'),
('63.05.02.2002', 'Suato Tatakan'),
('63.05.02.2005', 'Sawang'),
('63.05.02.2006', 'Lawahan'),
('63.05.02.2007', 'Timbaan'),
('63.05.02.2009', 'Rumintin'),
('63.05.02.2011', 'Cempaka'),
('63.05.02.2012', 'Harapan Masa'),
('63.05.02.2016', 'Tandui'),
('63.05.02.2017', 'Hatiwin'),
('63.05.03', 'Tapin Tengah'),
('63.05.03.2001', 'Pandulangan'),
('63.05.03.2002', 'Labung'),
('63.05.03.2003', 'Mandurian'),
('63.05.03.2004', 'Serawi'),
('63.05.03.2005', 'Pematang Karangan Hulu'),
('63.05.03.2006', 'Pematang Karangan'),
('63.05.03.2007', 'Pandahan'),
('63.05.03.2008', 'Pematang Karangan Hilir'),
('63.05.03.2009', 'Hiyung'),
('63.05.03.2010', 'Andhika'),
('63.05.03.2011', 'Sukaramai'),
('63.05.03.2012', 'Tirik'),
('63.05.03.2013', 'Kepayang'),
('63.05.03.2014', 'Batang Lantik'),
('63.05.03.2015', 'Mandurian Hilir'),
('63.05.03.2016', 'Sungai Bahalang'),
('63.05.03.2017', 'Papagan Makmur'),
('63.05.04', 'Tapin Utara'),
('63.05.04.1001', 'Rangda Malingkung'),
('63.05.04.1002', 'Kupang'),
('63.05.04.1003', 'Rantau Kanan'),
('63.05.04.1004', 'Rantau Kiwa'),
('63.05.04.2005', 'Keramat'),
('63.05.04.2006', 'Antasari'),
('63.05.04.2007', 'Jingah Babaris'),
('63.05.04.2008', 'Banua Hanyar'),
('63.05.04.2009', 'Banua Halat Kiri'),
('63.05.04.2010', 'Banua Halat Kanan'),
('63.05.04.2011', 'Perintis Raya'),
('63.05.04.2012', 'Kakaran'),
('63.05.04.2013', 'Antasan Hilir'),
('63.05.04.2014', 'Lumbu Raya'),
('63.05.04.2015', 'Banua Halar Hulu'),
('63.05.04.2016', 'Badaun'),
('63.05.05', 'Candi Laras Selatan'),
('63.05.05.2001', 'Margasari Hulu'),
('63.05.05.2002', 'Candi Laras'),
('63.05.05.2003', 'Baringin A.'),
('63.05.05.2004', 'Marampiau'),
('63.05.05.2005', 'Pabaungan Hilir'),
('63.05.05.2006', 'Pabaungan Hulu'),
('63.05.05.2007', 'Sungai Rutas'),
('63.05.05.2008', 'Baringin B'),
('63.05.05.2009', 'Marampiau Hilir'),
('63.05.05.2010', 'Sungai Rutas Hulu'),
('63.05.05.2011', 'Baulin'),
('63.05.05.2012', 'Pabaungan Pantai'),
('63.05.06', 'Candi Laras Utara'),
('63.05.06.2001', 'Keladan'),
('63.05.06.2002', 'Sungai Selai'),
('63.05.06.2003', 'Pariok'),
('63.05.06.2004', 'Margasari Hilir'),
('63.05.06.2005', 'Batalas'),
('63.05.06.2006', 'Rawana'),
('63.05.06.2007', 'Buas-buas'),
('63.05.06.2008', 'Teluk Haur'),
('63.05.06.2009', 'Sungai Puting'),
('63.05.06.2010', 'Sawaja'),
('63.05.06.2011', 'Sungai Selai Hilir'),
('63.05.06.2012', 'Buas-buas Hilir'),
('63.05.06.2013', 'Rawana Hulu'),
('63.05.07', 'Bakarangan'),
('63.05.07.2001', 'Parigi Kecil'),
('63.05.07.2002', 'Bakarangan'),
('63.05.07.2003', 'Parigi'),
('63.05.07.2004', 'Paul'),
('63.05.07.2005', 'Gadung'),
('63.05.07.2006', 'Bundung'),
('63.05.07.2007', 'Tangkawang'),
('63.05.07.2008', 'Waringin'),
('63.05.07.2009', 'Gadung Keramat'),
('63.05.07.2010', 'Masta'),
('63.05.07.2011', 'Ketapang'),
('63.05.07.2012', 'Tangkawang Baru'),
('63.05.08', 'Piani'),
('63.05.08.2001', 'Pipitak Jaya'),
('63.05.08.2002', 'Miawa'),
('63.05.08.2003', 'Batu Ampar'),
('63.05.08.2004', 'Harakit'),
('63.05.08.2005', 'Batung'),
('63.05.08.2006', 'Balawaian'),
('63.05.08.2007', 'Baramban'),
('63.05.08.2008', 'Buniin Jaya'),
('63.05.09', 'Bungur'),
('63.05.09.2001', 'Kalumpang'),
('63.05.09.2002', 'Banua Padang'),
('63.05.09.2003', 'Bungur'),
('63.05.09.2004', 'Banua Padang Hilir'),
('63.05.09.2005', 'Shabah'),
('63.05.09.2006', 'Hangui'),
('63.05.09.2007', 'Rantau Bujur'),
('63.05.09.2008', 'Purut'),
('63.05.09.2009', 'Bungur Baru'),
('63.05.09.2010', 'Timbung'),
('63.05.09.2011', 'Paring Guling'),
('63.05.09.2012', 'Linuh'),
('63.05.10', 'Lokpaikat'),
('63.05.10.1007', 'Bitahan'),
('63.05.10.2001', 'Binderang'),
('63.05.10.2002', 'Parandakan'),
('63.05.10.2003', 'Lokpaikat'),
('63.05.10.2004', 'Bataratat'),
('63.05.10.2005', 'Bitahan Baru'),
('63.05.10.2006', 'Puncak Harapan'),
('63.05.10.2008', 'Budi Mulya'),
('63.05.10.2009', 'Ayunan Papan'),
('63.05.11', 'Salam Babaris'),
('63.05.11.2001', 'Salam Babaris'),
('63.05.11.2002', 'Suato Lama'),
('63.05.11.2003', 'Kambang Habang Lama'),
('63.05.11.2004', 'Pantai Cabe'),
('63.05.11.2005', 'Suato Baru'),
('63.05.11.2006', 'Kambang Habang Baru'),
('63.05.12', 'Hatungun'),
('63.05.12.2001', 'Tarungin'),
('63.05.12.2002', 'Matang Batas'),
('63.05.12.2003', 'Hatungun'),
('63.05.12.2004', 'Burakai'),
('63.05.12.2005', 'Batu Hapu'),
('63.05.12.2006', 'Kambang Kuning'),
('63.05.12.2007', 'Asam Randah'),
('63.05.12.2008', 'Bagak'),
('63.06', 'KAB. HULU SUNGAI SELATAN'),
('63.06.01', 'Sungai Raya'),
('63.06.01.2001', 'Hamalau'),
('63.06.01.2002', 'Telaga Bidadari'),
('63.06.01.2003', 'Karasikan'),
('63.06.01.2004', 'Sungai Raya Utara'),
('63.06.01.2005', 'Sungai Raya Selatan'),
('63.06.01.2006', 'Hariti'),
('63.06.01.2007', 'Ida Manggala'),
('63.06.01.2008', 'Bumi Berkat'),
('63.06.01.2009', 'Batang Kulur Kiri'),
('63.06.01.2010', 'Batang Kulur Tengah'),
('63.06.01.2011', 'Batang Kulur Kanan'),
('63.06.01.2012', 'Baru'),
('63.06.01.2013', 'Tamiyang'),
('63.06.01.2014', 'Asam'),
('63.06.01.2015', 'Sungai Kali'),
('63.06.01.2016', 'Sarang Halang'),
('63.06.01.2017', 'Paring Agung'),
('63.06.01.2018', 'Tanah Bangkang'),
('63.06.02', 'Padang Batung'),
('63.06.02.2001', 'Karang Jawa Muka'),
('63.06.02.2002', 'Karang Jawa'),
('63.06.02.2003', 'Tabihi'),
('63.06.02.2004', 'Pandulangan'),
('63.06.02.2005', 'Kaliring'),
('63.06.02.2006', 'Jambu Hulu'),
('63.06.02.2007', 'Pahampangan'),
('63.06.02.2008', 'Padang Batung'),
('63.06.02.2009', 'Jembatan Merah'),
('63.06.02.2010', 'Batu Bini'),
('63.06.02.2011', 'Mawangi'),
('63.06.02.2012', 'Madang'),
('63.06.02.2013', 'Durian Rabung'),
('63.06.02.2014', 'Jelatang'),
('63.06.02.2015', 'Batu Laki'),
('63.06.02.2016', 'Malutu'),
('63.06.02.2017', 'Malilingin'),
('63.06.03', 'Telaga Langsat'),
('63.06.03.2001', 'Lok Binuang'),
('63.06.03.2002', 'Telaga Langsat'),
('63.06.03.2003', 'Mandala'),
('63.06.03.2004', 'Ambutun'),
('63.06.03.2005', 'Hamak'),
('63.06.03.2006', 'Hamak Timur'),
('63.06.03.2007', 'Hamak Utara'),
('63.06.03.2008', 'Pakuan Timur'),
('63.06.03.2009', 'Gumbil'),
('63.06.03.2010', 'Longawang'),
('63.06.03.2011', 'Pandulangan'),
('63.06.04', 'Angkinang'),
('63.06.04.2001', 'Bamban Utara'),
('63.06.04.2002', 'Bamban'),
('63.06.04.2003', 'Bamban Selatan'),
('63.06.04.2004', 'Kayu Abang'),
('63.06.04.2005', 'Angkinang'),
('63.06.04.2006', 'Telaga Sili-Sili'),
('63.06.04.2007', 'Angkinang Selatan'),
('63.06.04.2008', 'Tawia'),
('63.06.04.2009', 'Taniran Kubah'),
('63.06.04.2010', 'Taniran Selatan'),
('63.06.04.2011', 'Bakarung'),
('63.06.05', 'Kandangan'),
('63.06.05.1001', 'Kandangan Kota'),
('63.06.05.1002', 'Kandangan Utara'),
('63.06.05.1003', 'Kandangan Barat'),
('63.06.05.1004', 'Jambu Hilir'),
('63.06.05.2005', 'Gambah Luar'),
('63.06.05.2006', 'Gambah Luar Muka'),
('63.06.05.2007', 'Gambah Dalam'),
('63.06.05.2008', 'Gambah Dalam Barat'),
('63.06.05.2009', 'Sungai Kupang'),
('63.06.05.2010', 'Bangkau'),
('63.06.05.2011', 'Lungau'),
('63.06.05.2012', 'Sungai Paring'),
('63.06.05.2013', 'Bariang'),
('63.06.05.2014', 'Amawang Kiri'),
('63.06.05.2015', 'Amawang Kiri Muka'),
('63.06.05.2016', 'Amawang Kanan'),
('63.06.05.2017', 'Tibung Raya'),
('63.06.05.2018', 'Baluti'),
('63.06.06', 'Simpur'),
('63.06.06.2001', 'Tebing Tinggi'),
('63.06.06.2002', 'Simpur'),
('63.06.06.2003', 'Garunggang'),
('63.06.06.2004', 'Amparaya'),
('63.06.06.2005', 'Panjampang Bahagia'),
('63.06.06.2006', 'Ulin'),
('63.06.06.2007', 'Pantai Ulin'),
('63.06.06.2008', 'Wasah Hulu'),
('63.06.06.2009', 'Wasah Tengah'),
('63.06.06.2010', 'Wasah Hilir'),
('63.06.06.2011', 'Kapuh'),
('63.06.07', 'Daha Selatan'),
('63.06.07.2001', 'Muning Baru'),
('63.06.07.2002', 'Muning Dalam'),
('63.06.07.2003', 'Muning Tengah'),
('63.06.07.2004', 'Banjarbaru'),
('63.06.07.2005', 'Bayanan'),
('63.06.07.2006', 'Pandan Sari'),
('63.06.07.2007', 'Pihanin Raya'),
('63.06.07.2008', 'Tumbukan Banyu'),
('63.06.07.2009', 'Sungai Pinang'),
('63.06.07.2010', 'Habirau'),
('63.06.07.2011', 'Habirau Tengah'),
('63.06.07.2012', 'Parigi'),
('63.06.07.2013', 'Banua Hanyar'),
('63.06.07.2014', 'Tambangan'),
('63.06.07.2015', 'Baruh Jaya'),
('63.06.07.2016', 'Samuda'),
('63.06.08', 'Daha Utara'),
('63.06.08.2001', 'Pakapuran Kecil'),
('63.06.08.2002', 'Panggandingan'),
('63.06.08.2003', 'Tambak Bitin'),
('63.06.08.2004', 'Pakan Dalam'),
('63.06.08.2005', 'Paramaian'),
('63.06.08.2006', 'Pandak Daun'),
('63.06.08.2007', 'Murung Raya'),
('63.06.08.2008', 'Balah Paikat'),
('63.06.08.2009', 'Sungai Garuda'),
('63.06.08.2010', 'Sungai Mandala'),
('63.06.08.2011', 'Mdl. Murung Mesjid'),
('63.06.08.2012', 'Baruh Kembang'),
('63.06.08.2013', 'Teluk Haur'),
('63.06.08.2014', 'Pasungkan'),
('63.06.08.2015', 'Teluk Kabak'),
('63.06.08.2016', 'Hamayung'),
('63.06.08.2017', 'Hamayung Utara'),
('63.06.08.2018', 'Paharangan'),
('63.06.08.2019', 'Hakurung'),
('63.06.09', 'Kalumpang'),
('63.06.09.2001', 'Balimau'),
('63.06.09.2002', 'Karang Paci'),
('63.06.09.2003', 'Bago Tanggul'),
('63.06.09.2004', 'Karang Bulan'),
('63.06.09.2005', 'Balanti'),
('63.06.09.2006', 'Kalumpang'),
('63.06.09.2007', 'Tambingkar'),
('63.06.09.2008', 'Sirih'),
('63.06.09.2009', 'Sirih Hulu'),
('63.06.10', 'Loksado'),
('63.06.10.2001', 'Halunuk'),
('63.06.10.2002', 'Panggungan'),
('63.06.10.2003', 'Lumpangi'),
('63.06.10.2004', 'Malinau'),
('63.06.10.2005', 'Hulu Banyu'),
('63.06.10.2006', 'Tumingki'),
('63.06.10.2007', 'Kamawakan'),
('63.06.10.2008', 'Lok Lahung'),
('63.06.10.2009', 'Loksado'),
('63.06.10.2010', 'Haratai'),
('63.06.10.2011', 'Ulang'),
('63.06.11', 'Daha Barat'),
('63.06.11.2001', 'Siang Gantung'),
('63.06.11.2002', 'Baru'),
('63.06.11.2003', 'Tanjung Selor'),
('63.06.11.2004', 'Badaun'),
('63.06.11.2005', 'Bajayau'),
('63.06.11.2006', 'Bajayau Tengah'),
('63.06.11.2007', 'Bajayau Lama'),
('63.07', 'KAB. HULU SUNGAI TENGAH'),
('63.07.01', 'Haruyan'),
('63.07.01.2001', 'Pengambau Hilir Luar'),
('63.07.01.2002', 'Panggung'),
('63.07.01.2003', 'Barikin'),
('63.07.01.2004', 'Andang'),
('63.07.01.2005', 'Pengambau Hilir Dalam'),
('63.07.01.2006', 'Haruyan'),
('63.07.01.2007', 'Haruyan Seberang'),
('63.07.01.2008', 'Pengambau Hulu'),
('63.07.01.2009', 'Sungai Harang'),
('63.07.01.2010', 'Batu Panggung'),
('63.07.01.2011', 'Mangunang'),
('63.07.01.2012', 'Hapulang'),
('63.07.01.2013', 'Lok Buntar'),
('63.07.01.2014', 'Tabat Padang'),
('63.07.01.2015', 'Mangunang Seberang'),
('63.07.01.2016', 'Pandanu'),
('63.07.01.2017', 'Teluk Mesjid'),
('63.07.02', 'Batu Benawa'),
('63.07.02.2001', 'Murung A.'),
('63.07.02.2002', 'Pagat'),
('63.07.02.2003', 'Kalibaru'),
('63.07.02.2004', 'Kahakan'),
('63.07.02.2005', 'Aluan Sumur'),
('63.07.02.2006', 'Aluan Besar'),
('63.07.02.2007', 'Paya Besar'),
('63.07.02.2008', 'Bakti'),
('63.07.02.2009', 'Aluan'),
('63.07.02.2010', 'Aluan Mati'),
('63.07.02.2011', 'Baru'),
('63.07.02.2013', 'Pantai Batung'),
('63.07.02.2014', 'Layuh'),
('63.07.02.2015', 'Haliau'),
('63.07.03', 'Labuan Amas Selatan'),
('63.07.03.1001', 'Pantai Hambawang Barat'),
('63.07.03.2002', 'Mahang Baru'),
('63.07.03.2003', 'Mundar'),
('63.07.03.2004', 'Tabudarat Hilir'),
('63.07.03.2005', 'Tabudarat Hulu'),
('63.07.03.2006', 'Pantai Hambawang Timur'),
('63.07.03.2007', 'Banua Kepayang'),
('63.07.03.2008', 'Ta\'al'),
('63.07.03.2009', 'Durian Gantang'),
('63.07.03.2010', 'Guha'),
('63.07.03.2011', 'Bangkal'),
('63.07.03.2012', 'Panggang Marak'),
('63.07.03.2013', 'Jamil'),
('63.07.03.2014', 'Taras Padang'),
('63.07.03.2015', 'Murung Ta\'al'),
('63.07.03.2016', 'Sungai Rangas'),
('63.07.03.2017', 'Batang Bahalang'),
('63.07.03.2018', 'Sungai Jaranih'),
('63.07.04', 'Labuan Amas Utara'),
('63.07.04.2001', 'Parumahan'),
('63.07.04.2002', 'Kasarangan'),
('63.07.04.2003', 'Banua Kupang'),
('63.07.04.2004', 'Rantau Keminting'),
('63.07.04.2005', 'Pemangkih'),
('63.07.04.2006', 'Pemangkih Seberang'),
('63.07.04.2007', 'Binjai Pemangkih'),
('63.07.04.2008', 'Samhurang'),
('63.07.04.2009', 'Pahalatan'),
('63.07.04.2010', 'Mantaas'),
('63.07.04.2011', 'Sungai Buluh'),
('63.07.04.2012', 'Kadundung'),
('63.07.04.2013', 'Tungkup'),
('63.07.04.2014', 'Tabat'),
('63.07.04.2015', 'Rantau Bujur'),
('63.07.04.2016', 'Binjai Pirua'),
('63.07.05', 'Pandawan'),
('63.07.05.2001', 'Jaranih'),
('63.07.05.2002', 'Banua Hanyar'),
('63.07.05.2003', 'Palajau'),
('63.07.05.2004', 'Banua Batung'),
('63.07.05.2005', 'Jatuh'),
('63.07.05.2006', 'Pandawan'),
('63.07.05.2007', 'Mahang Matang Landung'),
('63.07.05.2008', 'Kambat Selatan'),
('63.07.05.2009', 'Kayu Rabah'),
('63.07.05.2010', 'Setiap'),
('63.07.05.2011', 'Kambat Utara'),
('63.07.05.2012', 'Banua Supanggal'),
('63.07.05.2013', 'Hulu Rasau'),
('63.07.05.2014', 'Banua Asam'),
('63.07.05.2015', 'Masiraan'),
('63.07.05.2016', 'Mahang Putat'),
('63.07.05.2017', 'Mahang Sungai Hanyar'),
('63.07.05.2018', 'Hilir Banua'),
('63.07.05.2019', 'Buluan'),
('63.07.05.2020', 'Matang Ginalun'),
('63.07.05.2021', 'Walatung'),
('63.07.06', 'Barabai'),
('63.07.06.1001', 'Barabai Darat'),
('63.07.06.1002', 'Barabai Timur'),
('63.07.06.1003', 'Barabai Selatan'),
('63.07.06.1004', 'Barabai Utara'),
('63.07.06.1005', 'Barabai Barat'),
('63.07.06.1006', 'Bukat'),
('63.07.06.2007', 'Gambah'),
('63.07.06.2008', 'Kayu Bawang'),
('63.07.06.2009', 'Benawa Tengah'),
('63.07.06.2010', 'Mandingin'),
('63.07.06.2011', 'Pajukungan'),
('63.07.06.2012', 'Banua Budi'),
('63.07.06.2013', 'Banua Binjai'),
('63.07.06.2014', 'Banua Jingah'),
('63.07.06.2015', 'Ayuang'),
('63.07.06.2016', 'Babai'),
('63.07.06.2017', 'Awang Besar'),
('63.07.06.2018', 'Bakapas'),
('63.07.07', 'Batang Alai Selatan'),
('63.07.07.1001', 'Birayang'),
('63.07.07.2002', 'Kias'),
('63.07.07.2003', 'Kapar'),
('63.07.07.2004', 'Tembok Bahalang'),
('63.07.07.2005', 'Limbar'),
('63.07.07.2006', 'Lok Basar'),
('63.07.07.2007', 'Paya'),
('63.07.07.2008', 'Cukan Lipai'),
('63.07.07.2009', 'Birayang Surapati'),
('63.07.07.2010', 'Mahela'),
('63.07.07.2011', 'Rangas'),
('63.07.07.2012', 'Wawai Gardu'),
('63.07.07.2013', 'Labuhan'),
('63.07.07.2014', 'Birayang Timur'),
('63.07.07.2015', 'Tanah Habang'),
('63.07.07.2016', 'Banua Rantau'),
('63.07.07.2017', 'Anduhum'),
('63.07.07.2018', 'Wawai'),
('63.07.07.2019', 'Lunjuk'),
('63.07.08', 'Batang Alai Utara'),
('63.07.08.2001', 'Sumanggi Seberang'),
('63.07.08.2002', 'Sumanggi'),
('63.07.08.2003', 'Ilung'),
('63.07.08.2004', 'Maringgit'),
('63.07.08.2005', 'Telang'),
('63.07.08.2008', 'Labunganak'),
('63.07.08.2009', 'Hapingin'),
('63.07.08.2010', 'Dangu'),
('63.07.08.2013', 'Ilung Tengah'),
('63.07.08.2014', 'Haur Gading'),
('63.07.08.2018', 'Awang'),
('63.07.08.2019', 'Awang Baru'),
('63.07.08.2020', 'Muara Rintis'),
('63.07.08.2021', 'Ilung Pasar Lama'),
('63.07.09', 'Hantakan'),
('63.07.09.2001', 'Hantakan'),
('63.07.09.2002', 'Alat'),
('63.07.09.2003', 'Murung B'),
('63.07.09.2004', 'Bulayak'),
('63.07.09.2005', 'Batu Tunggal'),
('63.07.09.2006', 'Pasting'),
('63.07.09.2007', 'Tilahan'),
('63.07.09.2008', 'Haruyan Dayak'),
('63.07.09.2009', 'Kindingan'),
('63.07.09.2010', 'Datar Ajab'),
('63.07.09.2011', 'Hinas Kanan'),
('63.07.09.2012', 'Patikalain'),
('63.07.10', 'Batang Alai Timur'),
('63.07.10.2001', 'Batu Tangga'),
('63.07.10.2002', 'Hinas Kiri'),
('63.07.10.2003', 'Pembakulan'),
('63.07.10.2004', 'Nateh'),
('63.07.10.2005', 'Tandilang'),
('63.07.10.2006', 'Muara Hungi'),
('63.07.10.2007', 'Atiran'),
('63.07.10.2008', 'Batu Perahu'),
('63.07.10.2009', 'Aing Bantai'),
('63.07.10.2010', 'Juhu'),
('63.07.10.2011', 'Datar Batung'),
('63.07.11', 'Limpasu'),
('63.07.11.2001', 'Tapuk'),
('63.07.11.2002', 'Karau'),
('63.07.11.2003', 'Limpasu'),
('63.07.11.2004', 'Kabang'),
('63.07.11.2005', 'Abung Surapati'),
('63.07.11.2006', 'Karatungan'),
('63.07.11.2007', 'Pauh'),
('63.07.11.2008', 'Abung'),
('63.07.11.2009', 'Hawang'),
('63.08', 'KAB. HULU SUNGAI UTARA'),
('63.08.01', 'Danau Panggang'),
('63.08.01.2003', 'Sungai Namang'),
('63.08.01.2004', 'Danau Panggang'),
('63.08.01.2008', 'Pandamaan'),
('63.08.01.2009', 'Baru'),
('63.08.01.2010', 'Bitin'),
('63.08.01.2011', 'Manarap'),
('63.08.01.2012', 'Pararain'),
('63.08.01.2013', 'Telaga Mas'),
('63.08.01.2015', 'Darussalam'),
('63.08.01.2016', 'Sarang Burung'),
('63.08.01.2017', 'Longkong'),
('63.08.01.2019', 'Rintisan'),
('63.08.01.2020', 'Palukahan'),
('63.08.01.2021', 'Teluk Mesjid'),
('63.08.01.2022', 'Sungai Panangah'),
('63.08.01.2023', 'Manarap Hulu'),
('63.08.02', 'Babirik'),
('63.08.02.2001', 'Babirik Hilir'),
('63.08.02.2002', 'Babirik Hulu'),
('63.08.02.2003', 'Sungai Durait Hilir'),
('63.08.02.2004', 'Hambuku Hilir'),
('63.08.02.2005', 'Murung Panti Hulu'),
('63.08.02.2006', 'Murung Panti Hilir'),
('63.08.02.2007', 'Murung Kupang'),
('63.08.02.2008', 'Sungai Luang Hilir'),
('63.08.02.2009', 'Pajukungan Hilir'),
('63.08.02.2010', 'Kalumpang Dalam'),
('63.08.02.2011', 'Parupukan'),
('63.08.02.2012', 'Sungai Luang Hulu'),
('63.08.02.2013', 'Sungai Durait Hulu'),
('63.08.02.2014', 'Sungai Dalam'),
('63.08.02.2015', 'Hambuku Baru'),
('63.08.02.2016', 'Hambuku Lima'),
('63.08.02.2017', 'Sungai Janjam'),
('63.08.02.2018', 'Kalumpang Luar'),
('63.08.02.2019', 'Teluk Limbung'),
('63.08.02.2020', 'Sungai Durait Tengah'),
('63.08.02.2021', 'Pajukungan Hulu'),
('63.08.02.2022', 'Sungai Papuyu'),
('63.08.02.2023', 'Sungai Nyiur'),
('63.08.03', 'Sungai Pandan'),
('63.08.03.2001', 'Rantau Karau Hilir'),
('63.08.03.2002', 'Rantau Karau Hulu'),
('63.08.03.2003', 'Banyu Tajun Hilir'),
('63.08.03.2004', 'Banyu Tajun Hulu'),
('63.08.03.2005', 'Banyu Tajun Pangkalan'),
('63.08.03.2006', 'Sungai Sandung'),
('63.08.03.2007', 'Sungai Pandan Hilir'),
('63.08.03.2008', 'Teluk Betung'),
('63.08.03.2009', 'Tambalang'),
('63.08.03.2010', 'Hambuku Hulu'),
('63.08.03.2011', 'Hambuku Tengah'),
('63.08.03.2014', 'Pandulangan'),
('63.08.03.2015', 'Sungai Pandan Hulu'),
('63.08.03.2021', 'Pondok Babaris'),
('63.08.03.2024', 'Sungai Pinang'),
('63.08.03.2025', 'Tambalang Kecil'),
('63.08.03.2026', 'Putat Atas'),
('63.08.03.2029', 'Banyu Tajun Dalam'),
('63.08.03.2031', 'Sungai Pandan Tengah'),
('63.08.03.2032', 'Hambuku Raya'),
('63.08.03.2033', 'Sungai Kuini'),
('63.08.03.2034', 'Tapus Dalam'),
('63.08.03.2035', 'Rantau KarauTengah'),
('63.08.03.2037', 'Tambalang Tengah'),
('63.08.03.2038', 'Teluk Mesjid'),
('63.08.03.2039', 'Murung Asam'),
('63.08.03.2040', 'Tatah Laban'),
('63.08.03.2041', 'Jalan Lurus'),
('63.08.03.2042', 'Teluk Sinar'),
('63.08.03.2043', 'Padang Bangkal'),
('63.08.03.2044', 'Hambuku Pasar'),
('63.08.03.2045', 'Pangkalan Sari'),
('63.08.03.2046', 'Rantau Karau Raya'),
('63.08.04', 'Amuntai Selatan'),
('63.08.04.2001', 'Panyiuran'),
('63.08.04.2002', 'Simpang Empat'),
('63.08.04.2003', 'Padang Darat'),
('63.08.04.2004', 'Teluk Baru'),
('63.08.04.2005', 'Ilir Mesjid'),
('63.08.04.2006', 'Jarang Kuantan'),
('63.08.04.2007', 'Jumba'),
('63.08.04.2008', 'Telaga Sari'),
('63.08.04.2009', 'Telaga Silaba'),
('63.08.04.2010', 'Banyu Hirang'),
('63.08.04.2011', 'Kayakah'),
('63.08.04.2012', 'Bajawit'),
('63.08.04.2013', 'Padang Tanggul'),
('63.08.04.2014', 'Teluk Paring'),
('63.08.04.2015', 'Rukam Hilir'),
('63.08.04.2016', 'Mamar'),
('63.08.04.2017', 'Cempaka'),
('63.08.04.2018', 'Keramat'),
('63.08.04.2019', 'Ujung Murung'),
('63.08.04.2020', 'Kota Raja'),
('63.08.04.2021', 'Pulau Tambak'),
('63.08.04.2022', 'Harusan Telaga'),
('63.08.04.2023', 'Simpang Tiga'),
('63.08.04.2024', 'Cangkering'),
('63.08.04.2025', 'Kutai Kecil'),
('63.08.04.2026', 'Teluk Sari'),
('63.08.04.2027', 'Murung Panggang'),
('63.08.04.2028', 'Telaga Hanyar'),
('63.08.04.2029', 'Rukam Hulu'),
('63.08.04.2030', 'Murung Sari'),
('63.08.05', 'Amuntai Tengah'),
('63.08.05.1001', 'Antasari'),
('63.08.05.1002', 'Murung Sari'),
('63.08.05.1003', 'Kebun Sari'),
('63.08.05.1004', 'Paliwara'),
('63.08.05.1005', 'Sungai Malang'),
('63.08.05.2006', 'Tapus'),
('63.08.05.2007', 'Kandang Halang'),
('63.08.05.2008', 'Pasar Senin'),
('63.08.05.2009', 'Kota Raden Hulu'),
('63.08.05.2010', 'Tangga Ulin Hilir'),
('63.08.05.2011', 'Tambalangan'),
('63.08.05.2012', 'Palampitan Hulu'),
('63.08.05.2013', 'Harus'),
('63.08.05.2014', 'Pinangkara'),
('63.08.05.2015', 'Sungai Karias'),
('63.08.05.2016', 'Tigarun'),
('63.08.05.2017', 'Pinang Habang'),
('63.08.05.2018', 'Hulu Pasar'),
('63.08.05.2019', 'Kota Raden Hilir'),
('63.08.05.2020', 'Rantawan'),
('63.08.05.2021', 'Muara Tapus'),
('63.08.05.2022', 'Palampitan Hilir'),
('63.08.05.2023', 'Harusan'),
('63.08.05.2024', 'Sungai Baring'),
('63.08.05.2025', 'Kembang Kuning'),
('63.08.05.2026', 'Datu Kuning'),
('63.08.05.2027', 'Tangga Ulin Hulu'),
('63.08.05.2028', 'Mawar Sari'),
('63.08.05.2029', 'Danau Cermin'),
('63.08.06', 'Amuntai Utara'),
('63.08.06.2003', 'Pakapuran'),
('63.08.06.2004', 'Pakacangan'),
('63.08.06.2005', 'Panangkalaan'),
('63.08.06.2006', 'Padang Basar'),
('63.08.06.2007', 'Murung Karangan'),
('63.08.06.2008', 'Kamayahan'),
('63.08.06.2009', 'Guntung'),
('63.08.06.2010', 'Muara Baruh'),
('63.08.06.2011', 'Teluk Daun'),
('63.08.06.2012', 'Sungai Turak'),
('63.08.06.2013', 'Tabalong Mati'),
('63.08.06.2020', 'Pimping'),
('63.08.06.2021', 'Padang Luar'),
('63.08.06.2023', 'Tayur'),
('63.08.06.2026', 'Panangkalaan Hulu'),
('63.08.06.2027', 'Cakeru'),
('63.08.06.2028', 'Sungai Turak Dalam'),
('63.08.06.2029', 'Panyaungan'),
('63.08.06.2030', 'Kuangan'),
('63.08.06.2032', 'Tabing Liring'),
('63.08.06.2033', 'Padang Basar Hilir'),
('63.08.06.2034', 'Telaga Bamban'),
('63.08.06.2035', 'Air Tawar'),
('63.08.06.2037', 'Panangian'),
('63.08.06.2041', 'Pamintangan'),
('63.08.06.2044', 'Pandawanan'),
('63.08.07', 'Banjang'),
('63.08.07.2001', 'Banjang'),
('63.08.07.2002', 'Patarikan'),
('63.08.07.2003', 'Teluk Buluh'),
('63.08.07.2004', 'Pandulangan'),
('63.08.07.2005', 'Danau Terati'),
('63.08.07.2006', 'Garunggang'),
('63.08.07.2007', 'Baruh Tabing'),
('63.08.07.2008', 'Murung Padang'),
('63.08.07.2009', 'Teluk Sarikat'),
('63.08.07.2010', 'Beringin'),
('63.08.07.2011', 'Kalintamui'),
('63.08.07.2012', 'Pelanjungan Sari'),
('63.08.07.2013', 'Lok Bangkai');
INSERT INTO `wilayah` (`kode`, `nama`) VALUES
('63.08.07.2014', 'Sungai Bahadangan'),
('63.08.07.2015', 'Karias Dalam'),
('63.08.07.2016', 'Rantau Bujur'),
('63.08.07.2017', 'Kaludan Kecil'),
('63.08.07.2018', 'Kaludan Besar'),
('63.08.07.2019', 'Pawalutan'),
('63.08.07.2020', 'Pulau Damar'),
('63.08.08', 'Haur Gading'),
('63.08.08.2001', 'Palimbangan'),
('63.08.08.2002', 'Palimbangan Gusti'),
('63.08.08.2003', 'Palimbang Sari'),
('63.08.08.2004', 'Bayur'),
('63.08.08.2005', 'Lok Suga'),
('63.08.08.2006', 'Sungai Limas'),
('63.08.08.2007', 'Pihaung'),
('63.08.08.2008', 'Sungai Binuang'),
('63.08.08.2009', 'Jingah Bujur'),
('63.08.08.2010', 'Haur Gading'),
('63.08.08.2011', 'Keramat'),
('63.08.08.2012', 'Tambak Sari panji'),
('63.08.08.2013', 'Pulantani'),
('63.08.08.2014', 'Waringin'),
('63.08.08.2015', 'Tangkawang'),
('63.08.08.2016', 'Tuhuran'),
('63.08.08.2017', 'Teluk Haur'),
('63.08.08.2018', 'Panawakan'),
('63.08.09', 'Paminggir'),
('63.08.09.2001', 'Paminggir'),
('63.08.09.2002', 'Paminggir Seberang'),
('63.08.09.2003', 'Ambahai'),
('63.08.09.2004', 'Sapala'),
('63.08.09.2005', 'Bararawa'),
('63.08.09.2006', 'Pal Batu'),
('63.08.09.2007', 'Tampakang'),
('63.08.10', 'Sungai Tabukan'),
('63.08.10.2001', 'Sungai Tabukan'),
('63.08.10.2002', 'Nelayan'),
('63.08.10.2003', 'Galagah Hulu'),
('63.08.10.2004', 'Galagah'),
('63.08.10.2005', 'Teluk Cati'),
('63.08.10.2006', 'Pematang Benteng'),
('63.08.10.2007', 'Pematang Benteng Hilir'),
('63.08.10.2008', 'Pasar Sabtu'),
('63.08.10.2009', 'Sungai Haji'),
('63.08.10.2010', 'Hilir Mesjid'),
('63.08.10.2011', 'Gampa Raya'),
('63.08.10.2012', 'Banua Hanyar'),
('63.08.10.2013', 'Rantau Bujur Hulu'),
('63.08.10.2014', 'Rantau Bujur Tengah'),
('63.08.10.2015', 'Rantau Bujur Hilir'),
('63.08.10.2016', 'Rantau Bujur Darat'),
('63.08.10.2017', 'Tambalang Raya'),
('63.09', 'KAB. TABALONG'),
('63.09.01', 'Banua Lawas'),
('63.09.01.2001', 'Hapalah'),
('63.09.01.2002', 'Bangkiling'),
('63.09.01.2003', 'Sungai Durian'),
('63.09.01.2004', 'Pematang'),
('63.09.01.2005', 'Hariang'),
('63.09.01.2006', 'Banua Lawas'),
('63.09.01.2007', 'Habau'),
('63.09.01.2008', 'Banua Rantau'),
('63.09.01.2009', 'Purai'),
('63.09.01.2010', 'Batang Banyu'),
('63.09.01.2011', 'Habau Hulu'),
('63.09.01.2012', 'Bungin'),
('63.09.01.2013', 'Bangkiling Raya'),
('63.09.01.2014', 'Talan'),
('63.09.01.2015', 'Sungai Anyar'),
('63.09.02', 'Kelua'),
('63.09.02.1001', 'Pulau'),
('63.09.02.2002', 'Ampukung'),
('63.09.02.2003', 'Telaga Itar'),
('63.09.02.2004', 'Sungai Buluh'),
('63.09.02.2005', 'Binturu'),
('63.09.02.2006', 'Pudak Setegal'),
('63.09.02.2007', 'Pasar Panas'),
('63.09.02.2008', 'Masintan'),
('63.09.02.2009', 'Takulat'),
('63.09.02.2010', 'Paliat'),
('63.09.02.2011', 'Karangan Putih'),
('63.09.02.2012', 'Bahungin'),
('63.09.03', 'Tanta'),
('63.09.03.2001', 'Murung Baru'),
('63.09.03.2002', 'Lukbayur'),
('63.09.03.2003', 'Walangkir'),
('63.09.03.2004', 'Warukin'),
('63.09.03.2005', 'Barimbun'),
('63.09.03.2006', 'Mangkusip'),
('63.09.03.2007', 'Pamarangan Kanan'),
('63.09.03.2008', 'Pulau Kuu'),
('63.09.03.2009', 'Tanta'),
('63.09.03.2010', 'Padang Panjang'),
('63.09.03.2011', 'Puain Kanan'),
('63.09.03.2012', 'Padangin'),
('63.09.03.2013', 'Tamiyang'),
('63.09.03.2014', 'Tanta Hulu'),
('63.09.04', 'Tanjung'),
('63.09.04.1001', 'Jangkung'),
('63.09.04.1002', 'Tanjung'),
('63.09.04.1003', 'Agung'),
('63.09.04.1004', 'Hikun'),
('63.09.04.2005', 'Banyu Tajun'),
('63.09.04.2006', 'Pamarangan Kiwa'),
('63.09.04.2007', 'Puain Kiwa'),
('63.09.04.2008', 'Juai'),
('63.09.04.2009', 'Mahe Seberang'),
('63.09.04.2010', 'Kambitin'),
('63.09.04.2011', 'Wayau'),
('63.09.04.2012', 'Garunggung'),
('63.09.04.2013', 'Kitang'),
('63.09.04.2014', 'Sungai Pimping'),
('63.09.04.2015', 'Kambitin Raya'),
('63.09.05', 'Haruai'),
('63.09.05.2001', 'Marindi'),
('63.09.05.2002', 'Wirang'),
('63.09.05.2003', 'Bongkang'),
('63.09.05.2004', 'Nawin'),
('63.09.05.2005', 'Halong'),
('63.09.05.2007', 'Hayup'),
('63.09.05.2011', 'Kembang Kuning'),
('63.09.05.2012', 'Seradang'),
('63.09.05.2013', 'Mahe Pasar'),
('63.09.05.2014', 'Lok Batu'),
('63.09.05.2015', 'Suput'),
('63.09.05.2018', 'Surian'),
('63.09.05.2021', 'Catur Karya'),
('63.09.06', 'Murung Pudak'),
('63.09.06.1001', 'Belimbing Raya'),
('63.09.06.1002', 'Belimbing'),
('63.09.06.1003', 'Sulingan'),
('63.09.06.1006', 'Mabu\'un'),
('63.09.06.1009', 'Pembataan'),
('63.09.06.2004', 'Maburai'),
('63.09.06.2005', 'Kasiau'),
('63.09.06.2007', 'Kapar'),
('63.09.06.2008', 'Masukau'),
('63.09.06.2010', 'Kasiau Raya'),
('63.09.07', 'Muara Uya'),
('63.09.07.2001', 'Kupang Nunding'),
('63.09.07.2002', 'Mangkupum'),
('63.09.07.2003', 'Pasar Batu'),
('63.09.07.2004', 'Uwie'),
('63.09.07.2005', 'Muara Uya'),
('63.09.07.2006', 'Lumbang'),
('63.09.07.2007', 'Santuun'),
('63.09.07.2008', 'Simpung Layung'),
('63.09.07.2009', 'Binjai'),
('63.09.07.2010', 'Palapi'),
('63.09.07.2011', 'Kampung Baru'),
('63.09.07.2012', 'Salikung'),
('63.09.07.2013', 'Ribang'),
('63.09.07.2014', 'Sungai Kumap'),
('63.09.08', 'Muara Harus'),
('63.09.08.2001', 'Madang'),
('63.09.08.2002', 'Tantaringin'),
('63.09.08.2003', 'Murung Karangan'),
('63.09.08.2004', 'Padangin'),
('63.09.08.2005', 'Manduin'),
('63.09.08.2006', 'Mantuil'),
('63.09.08.2007', 'Harus'),
('63.09.09', 'Pugaan'),
('63.09.09.2001', 'Pugaan'),
('63.09.09.2002', 'Pampanan'),
('63.09.09.2003', 'Sungai Rukam II'),
('63.09.09.2004', 'Sungai Rukam I'),
('63.09.09.2005', 'Jirak'),
('63.09.09.2006', 'Halangan'),
('63.09.09.2007', 'Tamunti'),
('63.09.10', 'Upau'),
('63.09.10.2001', 'Bilas'),
('63.09.10.2002', 'Kaong'),
('63.09.10.2003', 'Pangelak'),
('63.09.10.2004', 'Kinarum'),
('63.09.10.2005', 'Masingai II'),
('63.09.10.2006', 'Masingai I'),
('63.09.11', 'Jaro'),
('63.09.11.2001', 'Teratau'),
('63.09.11.2002', 'Namun'),
('63.09.11.2003', 'Jaro'),
('63.09.11.2004', 'Solan'),
('63.09.11.2005', 'Muang'),
('63.09.11.2006', 'Lano'),
('63.09.11.2007', 'Purui'),
('63.09.11.2008', 'Garagata'),
('63.09.11.2009', 'Nalui'),
('63.09.12', 'Bintang Ara'),
('63.09.12.2001', 'Waling'),
('63.09.12.2002', 'Usih'),
('63.09.12.2003', 'Bintang Ara'),
('63.09.12.2004', 'Burum'),
('63.09.12.2005', 'Panaan'),
('63.09.12.2006', 'Dambung Raya'),
('63.09.12.2007', 'Argo Mulyo'),
('63.09.12.2008', 'Bumi Makmur'),
('63.09.12.2009', 'Hegarmanah'),
('63.10', 'KAB. TANAH BUMBU'),
('63.10.01', 'Batu Licin'),
('63.10.01.1007', 'Batulicin'),
('63.10.01.1028', 'Gunungtinggi'),
('63.10.01.2005', 'Segumbang'),
('63.10.01.2006', 'Kersik Putih'),
('63.10.01.2029', 'Maju Makmur'),
('63.10.01.2030', 'Maju Bersama'),
('63.10.01.2031', 'Sukamaju'),
('63.10.01.2032', 'Polewali Marajae'),
('63.10.01.2033', 'Danauindah'),
('63.10.02', 'Kusan Hilir'),
('63.10.02.1001', 'Kota Pagatan'),
('63.10.02.2002', 'Betung'),
('63.10.02.2003', 'Sungai Lembu'),
('63.10.02.2004', 'Wiritasi'),
('63.10.02.2005', 'Pejala'),
('63.10.02.2006', 'Pagaruyung'),
('63.10.02.2007', 'Muara Pagatan Tengah'),
('63.10.02.2008', 'Kampung Baru'),
('63.10.02.2009', 'Pasar Baru'),
('63.10.02.2010', 'Batuah'),
('63.10.02.2011', 'Baru Gelang'),
('63.10.02.2012', 'Pulau Salak'),
('63.10.02.2019', 'Mudalang'),
('63.10.02.2020', 'Tanette'),
('63.10.02.2021', 'Muara Pagatan'),
('63.10.02.2022', 'Pulau Satu'),
('63.10.02.2027', 'Juku Eja'),
('63.10.02.2029', 'Gusunge'),
('63.10.02.2030', 'Rantau Panjang Hulu'),
('63.10.02.2031', 'Penyolongan'),
('63.10.02.2032', 'Beringin'),
('63.10.02.2034', 'Rantau Panjang Hilir'),
('63.10.03', 'Sungai Loban'),
('63.10.03.2001', 'Sari Mulya'),
('63.10.03.2002', 'Sungailoban'),
('63.10.03.2003', 'Sebamban Lama'),
('63.10.03.2004', 'Sebamban Baru'),
('63.10.03.2005', 'Sungaidua Laut'),
('63.10.03.2006', 'Marga Mulya'),
('63.10.03.2007', 'Sari Utama'),
('63.10.03.2008', 'Tri Mulya'),
('63.10.03.2010', 'Dwi Marga Utama'),
('63.10.03.2011', 'Kerta Buana'),
('63.10.03.2012', 'Batu Meranti'),
('63.10.03.2014', 'Tri Martani'),
('63.10.03.2015', 'Sumber makmur'),
('63.10.03.2016', 'Biduri Bersujud'),
('63.10.03.2017', 'Sumber Sari'),
('63.10.03.2018', 'Wanasari'),
('63.10.03.2019', 'Damar Indah'),
('63.10.04', 'Satui'),
('63.10.04.2003', 'Setarap'),
('63.10.04.2004', 'Satui Timur'),
('63.10.04.2005', 'Sungaicuka'),
('63.10.04.2006', 'Jombang'),
('63.10.04.2008', 'Satui Barat'),
('63.10.04.2009', 'Sekapuk'),
('63.10.04.2010', 'Sungaidanau'),
('63.10.04.2011', 'Wonorejo'),
('63.10.04.2012', 'Sumber Makmur'),
('63.10.04.2013', 'Tegal Sari'),
('63.10.04.2019', 'Sumber Arum'),
('63.10.04.2022', 'Sejahtera Mulia'),
('63.10.04.2023', 'Al Kautsar'),
('63.10.04.2024', 'Makmur Mulia'),
('63.10.04.2025', 'Sinar Bulan'),
('63.10.04.2026', 'Pandamaran Jaya'),
('63.10.05', 'Kusan Hulu'),
('63.10.05.2001', 'Lasung'),
('63.10.05.2002', 'Manuntung'),
('63.10.05.2003', 'Anjir Baru'),
('63.10.05.2004', 'Binawara'),
('63.10.05.2005', 'Pacakan'),
('63.10.05.2012', 'Sungai Rukam'),
('63.10.05.2015', 'Bakarangan'),
('63.10.05.2019', 'Karang Mulya'),
('63.10.05.2020', 'Harapan Jaya'),
('63.10.05.2021', 'Wonorejo'),
('63.10.05.2022', 'Karang Sari'),
('63.10.06', 'Simpang Empat'),
('63.10.06.1001', 'Kampung Baru'),
('63.10.06.1002', 'Tungkaran Pangeran'),
('63.10.06.2003', 'Sari Gadung'),
('63.10.06.2004', 'Mekar Sari'),
('63.10.06.2005', 'Sungaidua'),
('63.10.06.2006', 'Batu Ampar'),
('63.10.06.2007', 'Gunungbesar'),
('63.10.06.2008', 'Pulau Burung'),
('63.10.06.2009', 'Baroqah'),
('63.10.06.2010', 'Bersujud'),
('63.10.06.2011', 'Sejahtera'),
('63.10.06.2012', 'Gunungantasari'),
('63.10.07', 'Karang Bintang'),
('63.10.07.2001', 'Karang Bintang'),
('63.10.07.2002', 'Pandan Sari'),
('63.10.07.2003', 'Rejo Winangun'),
('63.10.07.2004', 'Selaselilau'),
('63.10.07.2005', 'Pematang Ulin'),
('63.10.07.2006', 'Batu Licin Irigasi'),
('63.10.07.2007', 'Manunggal'),
('63.10.07.2009', 'Sumber Wangi'),
('63.10.07.2010', 'Madu Retno'),
('63.10.07.2011', 'Maju Sejahtera'),
('63.10.07.2012', 'Karang Rejo'),
('63.10.08', 'Mantewe'),
('63.10.08.2001', 'Mantewe'),
('63.10.08.2002', 'Dukuh Rejo'),
('63.10.08.2003', 'Rejosari'),
('63.10.08.2004', 'Suka Damai'),
('63.10.08.2005', 'Bulu Rejo'),
('63.10.08.2006', 'Sido Mulyo'),
('63.10.08.2008', 'Sepakat'),
('63.10.08.2009', 'Sari Mulya'),
('63.10.08.2010', 'Emil Baru'),
('63.10.08.2011', 'Mentawakan Mulia'),
('63.10.08.2012', 'Maju Mulyo'),
('63.10.08.2014', 'Gunungraya'),
('63.10.09', 'Angsana'),
('63.10.09.2001', 'Bunati'),
('63.10.09.2002', 'Purwodadi'),
('63.10.09.2003', 'Sumber Baru'),
('63.10.09.2004', 'Karang Indah'),
('63.10.09.2005', 'Angsana'),
('63.10.09.2006', 'Banjar Sari'),
('63.10.09.2007', 'Bayan Sari'),
('63.10.09.2008', 'Makmur'),
('63.10.09.2009', 'Mekar Jaya'),
('63.10.10', 'Kuranji'),
('63.10.10.2001', 'Giri Mulya'),
('63.10.10.2002', 'Kuranji'),
('63.10.10.2003', 'Waringin Tunggal'),
('63.10.10.2004', 'Mustika'),
('63.10.10.2005', 'Indra Lokajaya'),
('63.10.10.2006', 'Karang Intan'),
('63.10.10.2007', 'Ringkit'),
('63.10.11', 'Kusan Tengah'),
('63.10.11.2001', 'Saring Sungai Bubu'),
('63.10.11.2002', 'Saring Sungai Binjai'),
('63.10.11.2003', 'Sepunggur'),
('63.10.11.2004', 'Serdangan'),
('63.10.11.2005', 'Satiung'),
('63.10.11.2006', 'Api-Api'),
('63.10.11.2007', 'Pakatellu'),
('63.10.11.2008', 'Manurung'),
('63.10.11.2009', 'Batarang'),
('63.10.11.2010', 'Mekar Jaya'),
('63.10.11.2011', 'Pulau Tanjung'),
('63.10.11.2012', 'UPT Karya Bakti'),
('63.10.11.2013', 'Salimuran'),
('63.10.12', 'Teluk Kepayang'),
('63.10.12.2001', 'Teluk Kepayang'),
('63.10.12.2002', 'Guntung'),
('63.10.12.2003', 'Mangkalapi'),
('63.10.12.2004', 'Timbarau Panjang'),
('63.10.12.2005', 'Darasan Binjai'),
('63.10.12.2006', 'Tapus'),
('63.10.12.2007', 'Hati\'if'),
('63.10.12.2008', 'Batu Bulan'),
('63.10.12.2009', 'Tamunih'),
('63.10.12.2010', 'Dadap Kusan Raya'),
('63.11', 'KAB. BALANGAN'),
('63.11.01', 'Juai'),
('63.11.01.2001', 'Muara Ninian'),
('63.11.01.2002', 'Hamarung'),
('63.11.01.2003', 'Juai'),
('63.11.01.2004', 'Buntu Karau'),
('63.11.01.2005', 'Bata'),
('63.11.01.2006', 'Galumbang'),
('63.11.01.2007', 'Sungai Batung'),
('63.11.01.2008', 'Sirap'),
('63.11.01.2009', 'Tigarun'),
('63.11.01.2010', 'Teluk Bayur'),
('63.11.01.2011', 'Pamurus'),
('63.11.01.2012', 'Marias'),
('63.11.01.2013', 'Lalayau'),
('63.11.01.2014', 'Mihu'),
('63.11.01.2015', 'Hukai'),
('63.11.01.2016', 'Tawahan'),
('63.11.01.2017', 'Gulinggang'),
('63.11.01.2018', 'Mungkur Uyam'),
('63.11.01.2019', 'Panimbaan'),
('63.11.01.2020', 'Wonorejo'),
('63.11.01.2021', 'Sumber Rejeki'),
('63.11.02', 'Halong'),
('63.11.02.2001', 'Hauwai'),
('63.11.02.2002', 'Bangkal'),
('63.11.02.2003', 'Mantuyan'),
('63.11.02.2004', 'Tabuan'),
('63.11.02.2005', 'Halong'),
('63.11.02.2008', 'Puyun'),
('63.11.02.2009', 'Buntu Pilanduk'),
('63.11.02.2010', 'Gunung Riut'),
('63.11.02.2011', 'Kapul'),
('63.11.02.2012', 'Mamantang'),
('63.11.02.2013', 'Binjai Punggal'),
('63.11.02.2014', 'Liyu'),
('63.11.02.2015', 'Binuang Santang'),
('63.11.02.2016', 'Aniungan'),
('63.11.02.2017', 'Binju'),
('63.11.02.2018', 'Karya'),
('63.11.02.2019', 'Uren'),
('63.11.02.2020', 'Marajai'),
('63.11.02.2021', 'Suryatama'),
('63.11.02.2022', 'Baruh Panyambaran'),
('63.11.02.2023', 'Mauya'),
('63.11.02.2024', 'Padang Raya'),
('63.11.02.2025', 'Sumber Agung'),
('63.11.02.2026', 'Mamigang'),
('63.11.03', 'Awayan'),
('63.11.03.2004', 'Bihara'),
('63.11.03.2005', 'Pematang'),
('63.11.03.2006', 'Merah'),
('63.11.03.2007', 'Awayan'),
('63.11.03.2008', 'Pudak'),
('63.11.03.2009', 'Badalungga'),
('63.11.03.2010', 'Tundakan'),
('63.11.03.2011', 'Sikontan'),
('63.11.03.2012', 'Pulantan'),
('63.11.03.2013', 'Tundi'),
('63.11.03.2014', 'Muara Jaya'),
('63.11.03.2016', 'Bihara Hilir'),
('63.11.03.2018', 'Baru'),
('63.11.03.2020', 'Awayan Hilir'),
('63.11.03.2021', 'Putat Basiun'),
('63.11.03.2022', 'Sei Pumpung'),
('63.11.03.2024', 'Badalungga Hilir'),
('63.11.03.2025', 'Nungka'),
('63.11.03.2026', 'Tangalin'),
('63.11.03.2027', 'Kedondong'),
('63.11.03.2029', 'Baramban'),
('63.11.03.2031', 'Ambakiang'),
('63.11.03.2032', 'Piyait'),
('63.11.04', 'Batu Mandi'),
('63.11.04.2001', 'Tariwin'),
('63.11.04.2002', 'Lok Batu'),
('63.11.04.2003', 'Munjung'),
('63.11.04.2004', 'Pelajau'),
('63.11.04.2005', 'Batumandi'),
('63.11.04.2006', 'Riwa'),
('63.11.04.2007', 'Mantimin'),
('63.11.04.2008', 'Mampari'),
('63.11.04.2009', 'Bungur'),
('63.11.04.2010', 'Teluk Mesjid'),
('63.11.04.2011', 'Timbun Tulang'),
('63.11.04.2012', 'Banua Hanyar'),
('63.11.04.2013', 'Bakung'),
('63.11.04.2014', 'Karuh'),
('63.11.04.2015', 'Guha'),
('63.11.04.2016', 'Gunung Manau'),
('63.11.04.2017', 'Hampa Raya'),
('63.11.04.2018', 'Kasai'),
('63.11.05', 'Lampihong'),
('63.11.05.2001', 'Tanah Habang Kiri'),
('63.11.05.2002', 'Panaitan'),
('63.11.05.2003', 'Tanah Habang Kanan'),
('63.11.05.2004', 'Batu Merah'),
('63.11.05.2005', 'Lampihong Kanan'),
('63.11.05.2006', 'Lampihong Selatan'),
('63.11.05.2007', 'Lampihong Kiri'),
('63.11.05.2008', 'Lajar'),
('63.11.05.2009', 'Kusambi Hulu'),
('63.11.05.2010', 'Kusambi Hilir'),
('63.11.05.2011', 'Simpang Tiga'),
('63.11.05.2012', 'Matang Lurus'),
('63.11.05.2013', 'Lok Hamawang'),
('63.11.05.2014', 'Kupang'),
('63.11.05.2015', 'Tampang'),
('63.11.05.2016', 'Matang Hanau'),
('63.11.05.2017', 'Lok Panginangan'),
('63.11.05.2018', 'Jungkal'),
('63.11.05.2019', 'Sungai Tabuk'),
('63.11.05.2020', 'Jimamun'),
('63.11.05.2021', 'Pimping'),
('63.11.05.2022', 'Hilir Pasar'),
('63.11.05.2023', 'Teluk Karya'),
('63.11.05.2024', 'Pupuyuan'),
('63.11.05.2025', 'Sungai Awang'),
('63.11.05.2026', 'Kandang Jaya'),
('63.11.05.2027', 'Mundar'),
('63.11.06', 'Paringin'),
('63.11.06.1019', 'Paringin Timur'),
('63.11.06.1023', 'Paringin Kota'),
('63.11.06.2005', 'Balang'),
('63.11.06.2006', 'Kalahiang'),
('63.11.06.2007', 'Lasung Batu'),
('63.11.06.2008', 'Paran'),
('63.11.06.2009', 'Layap'),
('63.11.06.2012', 'Murung Ilung'),
('63.11.06.2013', 'Mangkayahu'),
('63.11.06.2014', 'Lok Batung'),
('63.11.06.2015', 'Lamida Bawah'),
('63.11.06.2017', 'Dahai'),
('63.11.06.2022', 'Hujan Mas'),
('63.11.06.2024', 'Babayau'),
('63.11.06.2034', 'Balida'),
('63.11.06.2038', 'Sungai Ketapi'),
('63.11.07', 'Paringin Selatan'),
('63.11.07.1001', 'Batu Piring'),
('63.11.07.2002', 'Baruh Bahinu Luar'),
('63.11.07.2003', 'Inan'),
('63.11.07.2004', 'Baruh Bahinu Dalam'),
('63.11.07.2005', 'Panggung'),
('63.11.07.2006', 'Galumbang'),
('63.11.07.2007', 'Halubau'),
('63.11.07.2008', 'Binjai'),
('63.11.07.2009', 'Murung Abuin'),
('63.11.07.2010', 'Bungin'),
('63.11.07.2011', 'Maradap'),
('63.11.07.2012', 'Halubau Utara'),
('63.11.07.2013', 'Murung Jambu'),
('63.11.07.2014', 'Telaga Purun'),
('63.11.07.2015', 'Lingsir'),
('63.11.07.2016', 'Tarangan'),
('63.11.08', 'Tebing Tinggi'),
('63.11.08.2001', 'Dayak Pitap'),
('63.11.08.2002', 'Tebing Tinggi'),
('63.11.08.2003', 'Sungsum'),
('63.11.08.2004', 'Ju\'uh'),
('63.11.08.2005', 'Mayanau'),
('63.11.08.2006', 'Simpang Bumbuan'),
('63.11.08.2007', 'Auh'),
('63.11.08.2008', 'Gunung Batu'),
('63.11.08.2009', 'Langkap'),
('63.11.08.2010', 'Simpang Nadong'),
('63.11.08.2011', 'Ajung'),
('63.11.08.2012', 'Kambiyain'),
('63.71', 'KOTA BANJARMASIN'),
('63.71.01', 'Banjarmasin Selatan'),
('63.71.01.1001', 'Mantuil'),
('63.71.01.1002', 'Kelayan Selatan'),
('63.71.01.1003', 'Pekauman'),
('63.71.01.1004', 'Kelayan Barat'),
('63.71.01.1005', 'Kelayan Tengah'),
('63.71.01.1006', 'Kelayan Dalam'),
('63.71.01.1007', 'Murung Raya'),
('63.71.01.1008', 'Kelayan Timur'),
('63.71.01.1009', 'Tanjung Pagar'),
('63.71.01.1010', 'Pemurus Dalam'),
('63.71.01.1011', 'Pemurus Baru'),
('63.71.01.1012', 'Basirih Selatan'),
('63.71.02', 'Banjarmasin Timur'),
('63.71.02.1001', 'Kuripan'),
('63.71.02.1002', 'Kebun Bunga'),
('63.71.02.1003', 'Karang Mekar'),
('63.71.02.1004', 'Sungai Bilu'),
('63.71.02.1005', 'Sungai Lulut'),
('63.71.02.1006', 'Banua Anyar'),
('63.71.02.1007', 'Pengambangan'),
('63.71.02.1008', 'Pekapuran Raya'),
('63.71.02.1009', 'Pemurus Luar'),
('63.71.03', 'Banjarmasin Barat'),
('63.71.03.1001', 'Belitung Utara'),
('63.71.03.1002', 'Belitung Selatan'),
('63.71.03.1003', 'Pelambuan'),
('63.71.03.1004', 'Telaga Biru'),
('63.71.03.1005', 'Telawang'),
('63.71.03.1006', 'Teluk Tiram'),
('63.71.03.1007', 'Kuin Selatan'),
('63.71.03.1008', 'Kuin Cerucuk'),
('63.71.03.1009', 'Basirih'),
('63.71.04', 'Banjarmasin Utara'),
('63.71.04.1001', 'Alalak Tengah'),
('63.71.04.1002', 'Alalak Utara'),
('63.71.04.1003', 'Alalak Selatan'),
('63.71.04.1004', 'Sungai Jingah'),
('63.71.04.1005', 'Sungai Miai'),
('63.71.04.1006', 'Surgi Mufti'),
('63.71.04.1007', 'Pangeran'),
('63.71.04.1008', 'Antasan Kecil Timur'),
('63.71.04.1009', 'Kuin Utara'),
('63.71.04.1010', 'Sungai Andai'),
('63.71.05', 'Banjarmasin Tengah'),
('63.71.05.1001', 'Kertak Baru Ilir'),
('63.71.05.1002', 'Kertak Baru Ulu'),
('63.71.05.1003', 'Mawar'),
('63.71.05.1004', 'Teluk Dalam'),
('63.71.05.1005', 'Antasan Besar'),
('63.71.05.1006', 'Pasar Lama'),
('63.71.05.1007', 'Seberang Mesjid'),
('63.71.05.1008', 'Gadang'),
('63.71.05.1009', 'Melayu'),
('63.71.05.1010', 'Sungai Baru'),
('63.71.05.1011', 'Pekapuran Laut'),
('63.71.05.1012', 'Kelayan Luar'),
('63.72', 'KOTA BANJARBARU'),
('63.72.02', 'Landasan Ulin'),
('63.72.02.1003', 'Landasan Ulin Timur'),
('63.72.02.1004', 'Guntung Payung'),
('63.72.02.1005', 'Guntung Manggis'),
('63.72.02.1006', 'Syamsudin Noor'),
('63.72.03', 'Cempaka'),
('63.72.03.1001', 'Palam'),
('63.72.03.1002', 'Bangkal'),
('63.72.03.1003', 'Sungai Tiung'),
('63.72.03.1004', 'Cempaka'),
('63.72.04', 'Banjarbaru Utara'),
('63.72.04.1001', 'Loktabat Utara'),
('63.72.04.1002', 'Mentaos'),
('63.72.04.1003', 'Komet'),
('63.72.04.1004', 'Sungai Ulin'),
('63.72.05', 'Banjarbaru Selatan'),
('63.72.05.1001', 'Sungai Besar'),
('63.72.05.1002', 'Laktabat Selatan'),
('63.72.05.1003', 'Kemuning'),
('63.72.05.1004', 'Guntung Paikat'),
('63.72.06', 'Liang Anggang'),
('63.72.06.1001', 'Landasan Ulin Barat'),
('63.72.06.1002', 'Landasan Ulin Tengah'),
('63.72.06.1003', 'Landasan Ulin Utara'),
('63.72.06.1004', 'Landasan Ulin Selatan');

--
-- Indexes for dumped tables
--

--
-- Indeks untuk tabel `kecamatan`
--
ALTER TABLE `kecamatan`
  ADD PRIMARY KEY (`id`),
  ADD UNIQUE KEY `kode` (`kode`),
  ADD KEY `id_kota_kabupaten` (`id_kota_kabupaten`);

--
-- Indeks untuk tabel `kelurahan`
--
ALTER TABLE `kelurahan`
  ADD PRIMARY KEY (`id`),
  ADD UNIQUE KEY `kode` (`kode`),
  ADD KEY `id_kecamatan` (`id_kecamatan`);

--
-- Indeks untuk tabel `kota_kabupaten`
--
ALTER TABLE `kota_kabupaten`
  ADD PRIMARY KEY (`id`),
  ADD UNIQUE KEY `kode` (`kode`),
  ADD KEY `id_provinsi` (`id_provinsi`);

--
-- Indeks untuk tabel `provinsi`
--
ALTER TABLE `provinsi`
  ADD PRIMARY KEY (`id`),
  ADD UNIQUE KEY `kode` (`kode`);

--
-- Indeks untuk tabel `riwayat_pemakaian_mobil`
--
ALTER TABLE `riwayat_pemakaian_mobil`
  ADD PRIMARY KEY (`id`);

--
-- Indeks untuk tabel `riwayat_pengiriman_driver`
--
ALTER TABLE `riwayat_pengiriman_driver`
  ADD PRIMARY KEY (`id`);

--
-- Indeks untuk tabel `riwayat_servis`
--
ALTER TABLE `riwayat_servis`
  ADD PRIMARY KEY (`id_servis`);

--
-- Indeks untuk tabel `tb_admin`
--
ALTER TABLE `tb_admin`
  ADD PRIMARY KEY (`id`);

--
-- Indeks untuk tabel `tb_armada`
--
ALTER TABLE `tb_armada`
  ADD PRIMARY KEY (`id`),
  ADD KEY `no_plat` (`no_plat`);

--
-- Indeks untuk tabel `tb_barang`
--
ALTER TABLE `tb_barang`
  ADD PRIMARY KEY (`kode_brg`);

--
-- Indeks untuk tabel `tb_cekin`
--
ALTER TABLE `tb_cekin`
  ADD PRIMARY KEY (`id_cekin`);

--
-- Indeks untuk tabel `tb_cekout`
--
ALTER TABLE `tb_cekout`
  ADD PRIMARY KEY (`id_cekout`);

--
-- Indeks untuk tabel `tb_customer`
--
ALTER TABLE `tb_customer`
  ADD PRIMARY KEY (`id_cust`);

--
-- Indeks untuk tabel `tb_cus_royal`
--
ALTER TABLE `tb_cus_royal`
  ADD PRIMARY KEY (`id`);

--
-- Indeks untuk tabel `tb_departemen`
--
ALTER TABLE `tb_departemen`
  ADD PRIMARY KEY (`id_dep`);

--
-- Indeks untuk tabel `tb_driver`
--
ALTER TABLE `tb_driver`
  ADD PRIMARY KEY (`id_driver`);

--
-- Indeks untuk tabel `tb_jrk_tempuh`
--
ALTER TABLE `tb_jrk_tempuh`
  ADD PRIMARY KEY (`id_jrk`);

--
-- Indeks untuk tabel `tb_pembelian`
--
ALTER TABLE `tb_pembelian`
  ADD PRIMARY KEY (`id_pembelian`);

--
-- Indeks untuk tabel `tb_pengirim`
--
ALTER TABLE `tb_pengirim`
  ADD PRIMARY KEY (`id_pengiriman`);

--
-- Indeks untuk tabel `tb_rdo`
--
ALTER TABLE `tb_rdo`
  ADD PRIMARY KEY (`id_rdo`);

--
-- Indeks untuk tabel `tb_surat`
--
ALTER TABLE `tb_surat`
  ADD PRIMARY KEY (`id_surat`);

--
-- Indeks untuk tabel `template_zenziva`
--
ALTER TABLE `template_zenziva`
  ADD PRIMARY KEY (`id`);

--
-- AUTO_INCREMENT untuk tabel yang dibuang
--

--
-- AUTO_INCREMENT untuk tabel `riwayat_servis`
--
ALTER TABLE `riwayat_servis`
  MODIFY `id_servis` int(11) NOT NULL AUTO_INCREMENT, AUTO_INCREMENT=80106;

--
-- AUTO_INCREMENT untuk tabel `tb_admin`
--
ALTER TABLE `tb_admin`
  MODIFY `id` int(11) NOT NULL AUTO_INCREMENT, AUTO_INCREMENT=13;

--
-- AUTO_INCREMENT untuk tabel `tb_armada`
--
ALTER TABLE `tb_armada`
  MODIFY `id` int(11) NOT NULL AUTO_INCREMENT, AUTO_INCREMENT=5;

--
-- AUTO_INCREMENT untuk tabel `tb_barang`
--
ALTER TABLE `tb_barang`
  MODIFY `kode_brg` int(11) NOT NULL AUTO_INCREMENT, AUTO_INCREMENT=166;

--
-- AUTO_INCREMENT untuk tabel `tb_cekin`
--
ALTER TABLE `tb_cekin`
  MODIFY `id_cekin` int(11) NOT NULL AUTO_INCREMENT, AUTO_INCREMENT=15;

--
-- AUTO_INCREMENT untuk tabel `tb_cekout`
--
ALTER TABLE `tb_cekout`
  MODIFY `id_cekout` int(11) NOT NULL AUTO_INCREMENT, AUTO_INCREMENT=18;

--
-- AUTO_INCREMENT untuk tabel `tb_customer`
--
ALTER TABLE `tb_customer`
  MODIFY `id_cust` int(11) NOT NULL AUTO_INCREMENT, AUTO_INCREMENT=2029;

--
-- AUTO_INCREMENT untuk tabel `tb_cus_royal`
--
ALTER TABLE `tb_cus_royal`
  MODIFY `id` int(11) NOT NULL AUTO_INCREMENT;

--
-- AUTO_INCREMENT untuk tabel `tb_departemen`
--
ALTER TABLE `tb_departemen`
  MODIFY `id_dep` int(11) NOT NULL AUTO_INCREMENT, AUTO_INCREMENT=8006;

--
-- AUTO_INCREMENT untuk tabel `tb_driver`
--
ALTER TABLE `tb_driver`
  MODIFY `id_driver` int(11) NOT NULL AUTO_INCREMENT, AUTO_INCREMENT=27;

--
-- AUTO_INCREMENT untuk tabel `tb_jrk_tempuh`
--
ALTER TABLE `tb_jrk_tempuh`
  MODIFY `id_jrk` int(11) NOT NULL AUTO_INCREMENT, AUTO_INCREMENT=7;

--
-- AUTO_INCREMENT untuk tabel `tb_pembelian`
--
ALTER TABLE `tb_pembelian`
  MODIFY `id_pembelian` int(11) NOT NULL AUTO_INCREMENT, AUTO_INCREMENT=64;

--
-- AUTO_INCREMENT untuk tabel `tb_pengirim`
--
ALTER TABLE `tb_pengirim`
  MODIFY `id_pengiriman` int(11) NOT NULL AUTO_INCREMENT, AUTO_INCREMENT=400095;

--
-- AUTO_INCREMENT untuk tabel `tb_rdo`
--
ALTER TABLE `tb_rdo`
  MODIFY `id_rdo` int(11) NOT NULL AUTO_INCREMENT, AUTO_INCREMENT=200031;

--
-- AUTO_INCREMENT untuk tabel `tb_surat`
--
ALTER TABLE `tb_surat`
  MODIFY `id_surat` int(11) NOT NULL AUTO_INCREMENT, AUTO_INCREMENT=10151;

--
-- AUTO_INCREMENT untuk tabel `template_zenziva`
--
ALTER TABLE `template_zenziva`
  MODIFY `id` int(11) NOT NULL AUTO_INCREMENT, AUTO_INCREMENT=4;

--
-- Ketidakleluasaan untuk tabel pelimpahan (Dumped Tables)
--

--
-- Ketidakleluasaan untuk tabel `kecamatan`
--
ALTER TABLE `kecamatan`
  ADD CONSTRAINT `kecamatan_ibfk_1` FOREIGN KEY (`id_kota_kabupaten`) REFERENCES `kota_kabupaten` (`id`);

--
-- Ketidakleluasaan untuk tabel `kelurahan`
--
ALTER TABLE `kelurahan`
  ADD CONSTRAINT `kelurahan_ibfk_1` FOREIGN KEY (`id_kecamatan`) REFERENCES `kecamatan` (`id`);

--
-- Ketidakleluasaan untuk tabel `kota_kabupaten`
--
ALTER TABLE `kota_kabupaten`
  ADD CONSTRAINT `kota_kabupaten_ibfk_1` FOREIGN KEY (`id_provinsi`) REFERENCES `provinsi` (`id`);
COMMIT;

/*!40101 SET CHARACTER_SET_CLIENT=@OLD_CHARACTER_SET_CLIENT */;
/*!40101 SET CHARACTER_SET_RESULTS=@OLD_CHARACTER_SET_RESULTS */;
/*!40101 SET COLLATION_CONNECTION=@OLD_COLLATION_CONNECTION */;
